('COLI01-FIBR-TINA-XC22478', 'COLIMA', 'COLIMA', 'TINAJAS', 'Felipe Perez Arceo', 'TEPAMES CENTRAL', 'ONU', 'XC220_G3V', 'FIBRA', '10.0.48.239', '19.042666', '-103.5835', '478', 'LON', 'LOL-0', '478-COLI01-TEPAMES CENTRAL-FIBR-XC220_G3V-Felipe Perez Arceo-COLI-478')

[('COLI01-FIBR-COLI-ARIS000', 'COLIMA', 'COLIMA', 'COLIMA', 'OFICINA CENTRAL', 'CENTRAL', 'SWITCH', 'ARISTA 7050S_64_F', 'FIBRA', '10.0.10.0', '19.246546', '-103.709394', '000', 'L0', '-', '000-COLI01-CENTRAL-FIBR-ARISTA 7050S_64_F-OFICINA CENTRAL-COLI-000'),
["COLI01-FIBR-TEPA-CPE2024", "COLIMA", "COLIMA", "TEPAMES", "AP_SecundariaTepames", "TEPAMES CENTRAL", "APP", "CPE220", "FIBRA", "10.0.101.177", "19.10242687", "-103.6205264", "024", "LAPP", "LOL-000", "024-COLI01-TEPAMES CENTRAL-FIBR-CPE220-AP_SecundariaTepames-COLI-024"]

host,metric,latitude,longitude,afiliacion,ip,location
 20-COL-T.COMPLEJOSEGU-VVU-AXIS- Q6155-E-PTZ-Entrada a Miradores-COL01-VVU-COLI-020,5,18.92974,-103.963,COL01-VVU-ARME-001,10.21.65.17,ARMERIA
 24-COL-T.COMPLEJOSEG-VVU-AXIS- Q6155-E-PTZ-Heroes Bravo-COL01-VVU-COLI-024,5,18.94715,-103.967,COL01-VVU-ARME-001,10.21.65.32,ARMERIA
 33-COL-T.CUMBRE-VVU-AXIS- Q6155-E-PTZ-Gta Chac-COL01-VVU-COLI-033,5,19.319392,-103.75969,COL01-VVU-COMA-001,10.21.80.10,COMALA
 3-COL-T.LAMARINA-VVU-AXIS- Q6155-E-PTZ-Gasolinera Cortez-COL01-VVU-COLI-003,5,19.211881,-103.809066,COL01-VVU-COQU-001,10.21.63.118,COQUIMATLAN
 36-COL-T.LAMARINA-VVU-AXIS- Q6155-E-PTZ-El Trebol-COL01-VVU-COLI-036,3,19.30268135,-103.6450818,COL01-VVU-CUAU-001,10.21.61.215,CUAUHTEMOC
 49-COL-T.LAMARINA-VVU-AXIS- Q6155-E-PTZ-Anastacio Brizuela Sostenes Rocha-COL01-VVU-COLI-049,5,19.36150471,-104.0913475,COL01-VVU-MINA-001,10.21.75.11,MINATITLAN
 53-COL-T.LAMARINA-VVU-AXIS- Q6155-E-PTZ-Isenco-COL01-VVU-COLI-053,4,18.75051925,-103.7196855,COL01-VVU-TECO-001,10.21.40.150,TECOMAN
 06-COM-T.CAMPO4-VVU-AXIS- Q6155-E-PTZ-Entrada a Suchitlan-COL01-VVU-COMA-006,5,19.240572,-103.756665,COL01-VVU-VILL-001,10.21.50.34,VILLA
 02-COM-T.COMALA-VVU-AXIS- Q6155-E-PTZ-Libramiento Norte a Suchitlan-COL01-VVU-COMA-002,5,18.93568,-103.964,COL01-VVU-ARME-002,10.21.65.19,ARMERIA
 10-COM-T.COMALA-VVU-AXIS- Q6155-E-PTZ-Jardin Comala-COL01-VVU-COMA-010,5,19.274148,-103.715164,COL01-VVU-COLI-002,10.21.61.55,COLIMA
 03-COQ-T.COQUIMATLAN-VVU-AXIS- Q6155-E-PTZ-Salida a Jala-COL01-VVU-COQU-003,5,19.343956,-103.741259,COL01-VVU-COMA-002,10.21.80.12,COMALA
 07-COQ-T.COQUIMATLAN-VVU-AXIS- Q6155-E-PTZ-Crucero del Chical-COL01-VVU-COQU-007,5,19.206011,-103.807459,COL01-VVU-COQU-002,10.21.63.120,COQUIMATLAN
 06-CUA-T.MONTITLAN-VVU-AXIS- Q6155-E-PTZ-Carr. Chiapa. Ocotillo-COL01-VVU-CUAU-006,5,18.99203677,-103.7349281,COL01-VVU-IXTL-002,10.21.90.30,IXTLAHUACAN
 03-CUA-T.PCCUAU-VVU-AXIS- Q6155-E-PTZ-Crucero al Aeropuerto-COL01-VVU-CUAU-003,5,19.1211478,-104.39168,COL01-VVU-MANZ-002,10.21.37.31,MANZANILLO
 10-COL-T.CUMBRE-VVU-AXIS- Q6155-E-PTZ-Jardin El Trapiche-COL01-VVU-COLI-010,4,18.756102,-103.724521,COL01-VVU-TECO-002,10.21.40.154,TECOMAN
 05-IXT-T.ALCOMUN-VVU-AXIS- Q6155-E-PTZ-Salida a la Presa-COL01-VVU-IXTL-005,5,19.26487453,-103.736608,COL01-VVU-VILL-002,10.21.62.82,VILLA
 03-MIN-T.CARB-VVU-AXIS- Q6155-E-PTZ-Salida a las Guasimas-COL01-VVU-MINA-003,5,18.93759,-103.964,COL01-VVU-ARME-003,10.21.65.21,ARMERIA
 01-MZO-T.TORO-VVU-AXIS- Q6155-E-PTZ-Universidad ECA-COL01-VVU-MANZ-001,5,19.331932,-103.764605,COL01-VVU-COMA-003,10.21.80.14,COMALA
 09-MZO-T.TORREC4-VVU-AXIS- Q6155-E-PTZ-Nautilus La Joya-COL01-VVU-MANZ-009,5,19.19722,-103.812149,COL01-VVU-COQU-003,10.21.63.122,COQUIMATLAN
03-CUAU-CRUCERO AL AEROPUERTO-T.CUAHUTEMOC-RTM-S-FORCE_190-CRUCERO AL AEROPUERTO,5,19.31153,-103.60366,COL01-VVU-CUAU-003,10.21.61.6,CUAUHTEMOC
03-MANZ-OLAS ALTAS-T.TORO-RTM-S-FORCE_190-OLAS ALTAS,5,19.119526,-104.367229,COL01-VVU-MANZ-003,10.21.37.17,MANZANILLO
 13-MZO-T.TORO-VVU-AXIS- Q6155-E-PTZ-Entrada Los Patos-COL01-VVU-MANZ-013,5,19.38345006,-104.0518446,COL01-VVU-MINA-003,10.21.75.28,MINATITLAN
 20-MZO-T.TORREC4-VVU-AXIS- Q6155-E-PTZ-SEMAFORO Salahua-COL01-VVU-MANZ-020,4,18.86715809,-103.8357521,COL01-VVU-TECO-003,10.21.41.21,TECOMAN
 29-MZO-T.PROTCIVIL-VVU-AXIS- Q6155-E-PTZ-Sams Club MZO-COL01-VVU-MANZ-029,5,19.266378,-103.730215,COL01-VVU-VILL-003,10.21.50.19,VILLA
 40-MZO-T.PROTCIVIL-VVU-AXIS- Q6155-E-PTZ-Lomas del Valle1-COL01-VVU-MANZ-040,5,18.93991,-103.963,COL01-VVU-ARME-004,10.21.65.23,ARMERIA
 48-MZO-T.PROTCIVIL-VVU-AXIS- Q6155-E-PTZ-Pez Vela-COL01-VVU-MANZ-048,5,19.257988,-103.719248,COL01-VVU-COLI-004,10.21.62.58,COLIMA
 59-MZO-T.POCITOS-VVU-AXIS- Q6155-E-PTZ-Presidencia Manzanillo-COL01-VVU-MANZ-059,5,19.00105126,-103.738014,COL01-VVU-IXTL-004,10.21.90.34,IXTLAHUACAN
 01-ARM-T.ARMERIA-VVU-AXIS- Q6155-E-PTZ-Entrada Armeria Autopista-COL01-VVU-ARME-001,4,18.90424678,-103.8728925,COL01-VVU-TECO-004,10.21.40.29,TECOMAN
 6-ARM-T.ARMERIA-VVU-AXIS- Q6155-E-PTZ-Salida a Cuyutlan-COL01-VVU-ARME-006,5,19.286622,-103.726342,COL01-VVU-VILL-004,10.21.63.8,VILLA
 08-ARM-T.ALCOMUN-VVU-AXIS- Q6155-E-PTZ-Salida Rincon de Lopez-COL01-VVU-ARME-008,5,18.93922,-103.969,COL01-VVU-ARME-005,10.21.65.25,ARMERIA
 22-COL-T.COMPADMIN-VVU-AXIS- Q6155-E-PTZ-Tercer Anillo V Carranza-COL01-VVU-COL002,5,19.256378,-103.716807,COL01-VVU-COLI-005,10.21.21.40,COLIMA
 18-COL-T.COMPADMIN-VVU-AXIS- Q6155-E-PTZ-Crucero Tepames-COL01-VVU-COLI-018,5,19.322339,-103.761591,COL01-VVU-COMA-005,10.21.80.18,COMALA
 19-COL-T.COMPADMIN-VVU-AXIS- Q6155-E-PTZ-Plaza Zentralia-COL01-VVU-COLI-010,5,19.20105345,-103.8107151,COL01-VVU-COQU-005,10.21.63.126,COQUIMATLAN
 08-COL-T.C5-VVU-AXIS- Q6155-E-PTZ-Starbucks-COL01-VVU-COLI-008,5,19.3865478,-103.56772,COL01-VVU-CUAU-005,10.21.61.11,CUAUHTEMOC
 11-TEC-T.TORRETECOC2-VVU-AXIS-Q3708-PVE-F1-CBTIS-COL01-VVU-TECO-011,5,19.00098001,-103.7334358,COL01-VVU-IXTL-005,10.21.90.36,IXTLAHUACAN
 17-TEC-T.TORRETECOC2-VVU-AXIS-Q3708-PVE-F1-Secundaria 20-COL01-VVU-TECO-017,5,19.12253346,-104.3525729,COL01-VVU-MANZ-005,10.21.30.24,MANZANILLO
 21-TEC-T.TORRETECOC2-VVU-AXIS-Q3708-PVE-F1-Perritos Colimotes-COL01-VVU-TECO-021,5,19.394005,-104.046194,COL01-VVU-MINA-005,10.21.75.18,MINATITLAN
 03-TEC-T.TORREPRIMAVERA-VVU-AXIS-Q3708-PVE-F2-Cofradia de Morelos-COL01-VVU-TECO-003,4,18.91012836,-103.8726953,COL01-VVU-TECO-005,10.21.41.41,TECOMAN
 05-TEC-T.TORRESEMEFO-VVU-AXIS-Q3708-PVE-F2-Presidencia Tecoman-COL01-VVU-TECO-005,5,19.29517749,-103.7315701,COL01-VVU-VILL-005,10.21.63.10,VILLA
 24-TEC-T.TORRESEMEFO-VVU-AXIS-Q3708-PVE-F2-Diaz Ordaz-COL01-VVU-TECO-024,5,18.93460,-103.973,COL01-VVU-ARME-006,10.21.65.34,ARMERIA
 28-TEC-T.TORRESEMEFO-VVU-AXIS-Q3708-PVE-F2-Indeco-COL01-VVU-TECO-028,5,19.263139,-103.711589,COL01-VVU-COLI-006,10.21.62.6,COLIMA
 35-TEC-T.TORRESEMEFO-VVU-AXIS-Q3708-PVE-F2-Parque Cuauhtemoc-COL01-VVU-TECO-035,5,19.212555,-103.805648,COL01-VVU-COQU-006,10.21.63.138,COQUIMATLAN
 08-TEC-T.TORRETECOC2-VVU-AXIS-Q3708-PVE-F2-Aurrera-COL01-VVU-TECO-008,5,19.334494,-103.664837,COL01-VVU-CUAU-006,10.21.61.14,CUAUHTEMOC
 12-TEC-T.TORRETECOC2-VVU-AXIS-Q3708-PVE-F2-Tacos La Pulguita-COL01-VVU-TECO-012,4,18.99811,-103.733981,COL01-VVU-IXTL-006,10.21.90.38,IXTLAHUACAN
 18-TEC-T.TORRETECOC2-VVU-AXIS-Q3708-PVE-F2-La Cuarta-COL01-VVU-TECO-018,5,19.117377,-104.353023,COL01-VVU-MANZ-006,10.21.37.19,MANZANILLO
 22-TEC-T.TORRETECOC2-VVU-AXIS-Q3708-PVE-F2-Surtidora Ferretera-COL01-VVU-TECO-022,5,19.388409,-104.061338,COL01-VVU-MINA-006,10.21.75.20,MINATITLAN
 39-TEC-T.TORREALCOMUN-VVU-AXIS-Q3708-PVE-F2-Gasolineria el Llano -COL01-VVU-TECO-039,4,18.910814,-103.873418,COL01-VVU-TECO-006,10.21.40.160,TECOMAN
 01-VDA-T.VDA-VVU-AXIS-Q3708-PVE-F1-Crucero CFE-COL01-VVU-VILL-001,5,19.258315,-103.7472,COL01-VVU-VILL-006,10.21.50.25,VILLA
 09-VDA-T.VDA-VVU-AXIS-Q3708-PVE-F1-Llantisimo Maria Ahumada-COL01-VVU-VILL-009,5,19.26241612,-103.7045698,COL01-VVU-COLI-007,10.21.62.2,COLIMA
 13-VDA-T.VDA-VVU-AXIS-Q3708-PVE-F1-Centenario Tercer Anillo-COL01-VVU-VILL-013,5,19.42689787,-103.6992929,COL01-VVU-COMA-007,10.21.80.24,COMALA
 17-VDA-T.VDA-VVU-AXIS-Q3708-PVE-F1-Huertas Del Cura-COL01-VVU-VILL-017,5,19.22314741,-103.7973401,COL01-VVU-COQU-007,10.21.63.130,COQUIMATLAN
 23-VDA-T.VDA-VVU-AXIS-Q3708-PVE-F1-Jose de Ruiz Colon-COL01-VVU-VILL-023,5,19.390067,-103.583945,COL01-VVU-CUAU-007,10.21.61.16,CUAUHTEMOC
 31-VDA-T.VDA-VVU-AXIS-Q3708-PVE-F1-Tec de Colima-COL01-VVU-VILL-031,5,19.120648,-104.350431,COL01-VVU-MANZ-007,10.21.37.27,MANZANILLO
 35-VDA-T.VDA-VVU-AXIS-Q3708-PVE-F1-Entrada Soriana-COL01-VVU-VILL-035,5,19.391137,-104.049039,COL01-VVU-MINA-007,10.21.75.22,MINATITLAN
 39-VDA-T.VDA-VVU-AXIS-Q3708-PVE-F1-Parque Industrial-COL01-VVU-VILL-039,4,18.93980809,-103.8945509,COL01-VVU-TECO-007,10.21.40.152,TECOMAN
 43-VDA-T.VDA-VVU-AXIS-Q3708-PVE-F1-Torito-COL01-VVU-VILL-043,4,19.244713,-103.758133,COL01-VVU-VILL-007,10.21.50.27,VILLA
 03-VDA-T.VDA-VVU-AXIS-Q3708-PVE-F2-5 de Mayo Cuauhtemoc-COL01-VVU-VILL-003,5,19.253018,-103.712652,COL01-VVU-COLI-008,10.21.62.14,COLIMA
 07-VDA-T.VDA-VVU-AXIS-Q3708-PVE-F2-Gasolinera Escuela de Talentos-COL01-VVU-VILL-007,5,19.36344233,-103.8222651,COL01-VVU-COMA-008,10.21.80.22,COMALA
 11-VDA-T.VDA-VVU-AXIS-Q3708-PVE-F2-Comarca-COL01-VVU-VILL-011,5,19.21462,-103.809169,COL01-VVU-COQU-008,10.21.63.132,COQUIMATLAN
 15-VDA-T.VDA-VVU-AXIS-Q3708-PVE-F2-Libramiento a Nogueras-COL01-VVU-VILL-015,5,19.38675264,-103.5731949,COL01-VVU-CUAU-008,10.21.61.61,CUAUHTEMOC
 20-VDA-T.VDA-VVU-AXIS-Q3708-PVE-F2-Kiosko Tabachines-COL01-VVU-VILL-020,5,19.13044466,-104.3482119,COL01-VVU-MANZ-008,10.21.37.11,MANZANILLO
 24-VDA-T.VDA-VVU-AXIS-Q3708-PVE-F2-Kiosko Ninos Heroes-COL01-VVU-VILL-024,5,19.38629614,-104.0495021,COL01-VVU-MINA-008,10.21.75.26,MINATITLAN
 28-VDA-T.VDA-VVU-AXIS-Q3708-PVE-F2-Tercer Anillo Akolliman-COL01-VVU-VILL-028,4,18.92426953,-103.8830099,COL01-VVU-TECO-008,10.21.40.166,TECOMAN
 32-VDA-T.VDA-VVU-AXIS-Q3708-PVE-F2-Ex Hacienda del Carmen-COL01-VVU-VILL-032,5,19.266376,-103.770955,COL01-VVU-VILL-008,10.21.63.16,VILLA
 36-VDA-T.VDA-VVU-AXIS-Q3708-PVE-F2-Walmart VdeA-COL01-VVU-VILL-036,4,19.05789,-103.929,COL01-VVU-ARME-009,10.21.90.24,ARMERIA
 40-VDA-T.VDA-VVU-AXIS-Q3708-PVE-F2-Juzgados de La Villa-COL01-VVU-VILL-040,5,19.248132,-103.706232,COL01-VVU-COLI-009,10.21.62.10,COLIMA
 44-VDA-T.VDA-VVU-AXIS-Q3708-PVE-F2-Jardin Villa Izcalli-COL01-VVU-VILL-044,5,19.323771,-103.740896,COL01-VVU-COMA-009,10.21.80.26,COMALA
 47-VDA-T.VDA-VVU-AXIS-Q3708-PVE-F2-Los Volcanes-COL01-VVU-VILL-047,5,19.20205117,-103.806615,COL01-VVU-COQU-009,10.21.63.134,COQUIMATLAN
 06-COQ-T.COQUIMATLAN-VVU-AXIS-Q3708-PVE-F1-Entrada a Coquimatlan-COL01-VVU-COQU-06,5,19.337271,-103.604648,COL01-VVU-CUAU-009,10.21.61.20,CUAUHTEMOC
 12-COQ-T.COQUIMATLAN-VVU-AXIS-Q3708-PVE-F1-Jardin Las Moras-COL01-VVU-COQU-012,5,19.126717,-104.342354,COL01-VVU-MANZ-009,10.21.30.18,MANZANILLO
 04-COQ-T.COQUIMATLAN-VVU-AXIS-Q3708-PVE-F2-Salida a Pueblo Juarez-COL01-VVU-COQ-04,5,19.38602222,-104.0468556,COL01-VVU-MINA-009,10.21.75.24,MINATITLAN
 12-COQ-T.COQUIMATLAN-VVU-AXIS-Q3708-PVE-F2-Jardin Las Moras-COL01-VVU-COQU-012,4,18.915426,-103.876864,COL01-VVU-TECO-009,10.21.40.162,TECOMAN
 01-CUA-T.MONTITLAN-VVU-AXIS-Q3708-PVE-F1-El Cobano-COL01-VVU-MANZ-001,5,19.270271,-103.732239,COL01-VVU-VILL-009,10.21.50.32,VILLA
 09-CUA-T.PCCUAU-VVU-AXIS-Q3708-PVE-F1-Bachillerato No. 13-COL01-VVU-CUA-09,5,19.246142,-103.703289,COL01-VVU-COLI-010,10.21.61.32,COLIMA
 13-CUA-T.MONTITLAN-VVU-AXIS-Q3708-PVE-F2-Crucero Alcaraces-COL01-VVU-MANZ-013,5,19.278276,-103.662322,COL01-VVU-CUAU-010,10.21.62.84,CUAUHTEMOC
 11-CUA-T.PCCUAU-VVU-AXIS-Q3708-PVE-F2-Presidencia Cuauhtemoc-COL01-VVU-MANZ-011,5,19.137723,-104.349454,COL01-VVU-MANZ-010,10.21.31.177,MANZANILLO
 01-IXT-T.ALCOMUN-VVU-AXIS-Q3708-PVE-F2-Arcos Ixtlahuacan-COL01-VVU-IXT-001,5,18.93439,-103.966,COL01-VVU-ARME-011,10.21.65.30,ARMERIA
 05-IXT-T.ALCOMUN-VVU-AXIS-Q3708-PVE-F2-Salida a la Presa-COL01-VVU-IXT-005,5,19.254225,-103.69626,COL01-VVU-COLI-011,10.21.61.36,COLIMA
 05-MIN-T.MINA-VVU-AXIS-Q3708-PVE-F1-Salida al Panteon Minatitlan-COL01-VVU-MINA-005,4,19.233217,-103.778445,COL01-VVU-COQU-011,10.21.63.143,COQUIMATLAN
 06-MIN-T.MINA-VVU-AXIS-Q3708-PVE-F1-Entrada a Minatitlan-COL01-VVU-MINA-006,5,19.32813,-103.60187,COL01-VVU-CUAU-011,10.21.61.24,CUAUHTEMOC
 02-MIN-T.CARB-VVU-AXIS-Q3708-PVE-F2-Jardin Paticajo-COL01-VVU-MINA-002,5,19.138228,-104.341519,COL01-VVU-MANZ-011,10.21.30.188,MANZANILLO
 06-MIN-T.MINA-VVU-AXIS-Q3708-PVE-F2-Entrada a Minatitlan-COL01-VVU-MINA-006,3,18.93125097,-103.8796184,COL01-VVU-TECO-011,10.21.40.176,TECOMAN
 39-MZO-T.TORREC4-VVU-AXIS-Q3708-PVE-F1-CARCAMO BARRIO 3-COL01-VVU-MANZ-039,5,19.277756,-103.763497,COL01-VVU-VILL-011,10.21.63.22,VILLA
 02-MZO-T.TORO-VVU-AXIS-Q3708-PVE-F2-Crucero Club Santiago-COL01-VVU-MANZ-002,5,19.258689,-103.689673,COL01-VVU-COLI-012,10.21.61.42,COLIMA
 28-MZO-T.TORREC4-VVU-AXIS-Q3708-PVE-F1-Casino de la Feria-COL01-VVU-MANZ-028,5,19.325448,-103.601882,COL01-VVU-CUAU-012,10.21.61.26,CUAUHTEMOC
 36-MZO-T.TORREC4-VVU-AXIS-Q3708-PVE-F1-St Johns-COL01-VVU-MANZ-036,5,19.152518,-104.335912,COL01-VVU-MANZ-012,10.21.37.43,MANZANILLO
 21-MZO-T.TORREC4-VVU-AXIS-Q3708-PVE-F2-Cecaty 34-COL01-VVU-MANZ-021,4,18.92628876,-103.8752966,COL01-VVU-TECO-012,10.21.40.141,TECOMAN
 22-MZO-T.TORREC4-VVU-AXIS-Q3708-PVE-F2-Pablo Latapi-COL01-VVU-MANZ-022,5,19.247268,-103.753317,COL01-VVU-VILL-012,10.21.63.24,VILLA
 33-MZO-T.TORREC4-VVU-AXIS-Q3708-PVE-F2-Garza Flamingos-COL01-VVU-MANZ-033,5,19.256066,-103.682139,COL01-VVU-COLI-013,10.21.61.34,COLIMA
 37-MZO-T.TORREC4-VVU-AXIS-Q3708-PVE-F2-Elias Zamora Gaviotas-COL01-VVU-MANZ-037,5,19.359205,-103.577304,COL01-VVU-CUAU-013,10.21.61.28,CUAUHTEMOC
 03-TEC-T.TORREPRIMAVERA-VVU-AXIS-Q3708-PVE-F1-Cofradia de Morelos-COL01-VVU-TECO-003,4,19.256066,-104.34261,COL01-VVU-MANZ-013,10.21.37.15,MANZANILLO
 25-TEC-T.TORRESEMEFO-VVU-AXIS-Q3708-PVE-F1-Panteon Nuevo-COL01-VVU-TECO-025,5,19.26308669,-103.7568762,COL01-VVU-VILL-013,10.21.50.40,VILLA
 29-TEC-T.TORRESEMEFO-VVU-AXIS-Q3708-PVE-F1-Colonia Libertad-COL01-VVU-TECO-029,5,19.253128,-103.689456,COL01-VVU-COLI-014,10.21.61.51,COLIMA
 33-TEC-T.TORRESEMEFO-VVU-AXIS-Q3708-PVE-F1-Independencia Andador 18-COL01-VVU-TECO-033,5,19.35541,-103.565632,COL01-VVU-CUAU-014,10.21.61.30,CUAUHTEMOC
 08-TEC-T.TORRETECOC2-VVU-AXIS-Q3708-PVE-F1-Aurrera-COL01-VVU-TECO-008,3,18.890823,-103.891204,COL01-VVU-TECO-014,10.21.41.100,TECOMAN
14-VILL-UNIDAD DEP. GUSTAVO VAZQUEZ-T.VDA -RTM-S-FORCE_190-UNIDAD DEP. GUSTAVO VAZQUEZ,5,19.291768,-103.730026,COL01-VVU-VILL-014,10.21.63.28,VILLA
 09-ARM-T.ALCOMUN-VVU-AXIS-Q3708-PVE-F1-Rincón de López-COL01-VVU-ARME-009,5,19.240285,-103.69485,COL01-VVU-COLI-015,10.21.61.38,COLIMA
 12-ARM-T.FIBRA-VVU-AXIS-Q3708-PVE-F1-Jardin Cuyutlan-COL01-VVU-ARME-012,5,19.132284,-104.334052,COL01-VVU-MANZ-015,10.21.30.26,MANZANILLO
 10-CUAU-T.COMPLSEGUADMIN-VVU-AXIS-Q3708-PVE-F1-CBTIS COL01-VVU-CUAU-010,4,18.92444552,-103.8702851,COL01-VVU-TECO-015,10.21.40.145,TECOMAN
 14-COL-T.COMPADMIN-VVU-AXIS-Q3708-PVE-F1-Carretera Colima Guadalajara Complejo Admvo-COL01-VVU-COLI-014,5,19.290344,-103.747966,COL01-VVU-VILL-015,10.21.63.30,VILLA
 19-COL-T.COMPADMIN-VVU-AXIS-Q3708-PVE-F1-Plaza Zentralia-COL01-VVU-COLI-019,5,19.236678,-103.680527,COL01-VVU-COLI-016,10.21.61.40,COLIMA
 14-COL-T.COMPADMIN-VVU-AXIS-Q3708-PVE-F2-Carretera Colima Guadalajara Complejo Admvo-COL01-VVU-COLI-014,5,19.13027,-104.338757,COL01-VVU-MANZ-016,10.21.30.20,MANZANILLO
 19-COL-T.COMPADMIN-VVU-AXIS-Q3708-PVE-F2-Plaza Zentralia-COL01-VVU-COLI-019,5,19.289759,-103.73878,COL01-VVU-VILL-016,10.21.63.32,VILLA
 08-COL-T.C5-VVU-AXIS-Q3708-PVE-F1-Starbucks-COL01-VVU-COLI-008,5,19.233366,-103.679563,COL01-VVU-COLI-017,10.21.62.18,COLIMA
 05-COL-T.C5-VVU-AXIS-Q3708-PVE-F2-Sams Club Colima-COL01-VVU-COLI-005,4,19.121651,-104.3398,COL01-VVU-MANZ-017,10.21.30.14,MANZANILLO
17-TECO-SECUNDARIA 20-T.C2TECOMAN-RTM-S-FORCE_190-SECUNDARIA 20,4,18.91635001,-103.860453,COL01-VVU-TECO-017,10.21.40.170,TECOMAN
 21-COL-T.COMPLEJOSEGU-VVU-AXIS-Q3708-PVE-F1-Republica Mexicana La Cumbre-COL01-VVU-COLI-021,5,19.255378,-103.735168,COL01-VVU-VILL-017,10.21.50.48,VILLA
 25-COL-T.COMPLEJOSEG-VVU-AXIS-Q3708-PVE-F1-Tecoman Revolucion Fco Villa-COL01-VVU-COLI-025,5,19.17326,-103.661101,COL01-VVU-COLI-018,10.21.61.49,COLIMA
 33-COL-T.CUMBRE-VVU-AXIS-Q3708-PVE-F1-Gta Chac-COL01-VVU-COLI-033,5,19.113026,-104.341762,COL01-VVU-MANZ-018,10.21.30.59,MANZANILLO
 25-COL-T.COMPLEJOSEGU-VVU-AXIS-Q3708-PVE-F2-Tecoman Revolucion Fco Villa-COL01-VVU-COLI-025,4,19.252906,-103.749709,COL01-VVU-VILL-018,10.21.50.50,VILLA
 33-COL-T.CUMBRE-VVU-AXIS-Q3708-PVE-F2-Gta Chac-COL01-VVU-COLI-033,5,19.267357,-103.700619,COL01-VVU-COLI-019,10.21.61.53,COLIMA
 46-COL-T.CUMBRE-VVU-AXIS-Q3708-PVE-F1-Pemex-COL01-VVU-COLI-046,5,19.108077,-104.347563,COL01-VVU-MANZ-019,10.21.30.61,MANZANILLO
 03-COL-T.LAMARINA-VVU-AXIS- Q3708-PVE-F1-Gasolinera Cortez-COL01-VVU-COLI-003,4,18.91562604,-103.864677,COL01-VVU-TECO-019,10.21.40.172,TECOMAN
 39-COL-T.LAMARINA-VVU-AXIS-Q3708-PVE-F1-Papeleria Manzanillo-COL01-VVU-COLI-039,5,19.227398,-103.696991,COL01-VVU-COLI-020,10.21.50.52,VILLA
 43-COL-T.LAMARINA-VVU-AXIS-Q3708-PVE-F1-Entrada Cancerologia Tivoli-COL01-VVU-COLI-043,4,19.110371,-104.33773,COL01-VVU-MANZ-020,10.21.30.55,MANZANILLO
 52-COL-T.LAMARINA-VVU-AXIS-Q3708-PVE-F1-Jardin San Fco-COL01-VVU-COLI-052,5,19.24282708,-103.7659819,COL01-VVU-VILL-020,10.21.50.54,VILLA
 04-COL-T.LAMARINA-VVU-AXIS-Q3708-PVE-F2-V Carranza Tecnologico-COL01-VVU-COLI-004,5,19.223783,-103.696533,COL01-VVU-COLI-021,10.21.62.26,COLIMA
 37-COL-T.LAMARINA-VVU-AXIS-Q3708-PVE-F2-Jardin Nunez-COL01-VVU-COLI-037,5,19.111973,-104.333459,COL01-VVU-MANZ-021,10.21.30.53,MANZANILLO
 41-COL-T.LAMARINA-VVU-AXIS-Q3708-PVE-F2-Fray Pedro-COL01-VVU-COLI-041,4,18.897432,-103.859236,COL01-VVU-TECO-021,10.21.40.156,TECOMAN
 47-COL-T.LAMARINA-VVU-AXIS-Q3708-PVE-F2-Recolavi Prados del Sur-COL01-VVU-COLI-047,5,19.27222846,-103.7826477,COL01-VVU-VILL-021,10.21.63.42,VILLA
 52-COL-T.LAMARINA-VVU-AXIS-Q3708-PVE-F2-Jardin San Fco-COL01-VVU-COLI-052,5,19.224948,-103.705759,COL01-VVU-COLI-022,10.21.62.24,COLIMA
 27-COL-T.SECRESEGPUBL-VVU-AXIS-Q3708-PVE-F2-Gta. Rey Coliman-COL01-VVU-COLI-027,5,19.117686,-104.331405,COL01-VVU-MANZ-022,10.21.30.22,MANZANILLO
 06-COM-T.CAMPO4-VVU-AXIS-Q3708-PVE-F1-Entrada a Suchitlan-COL01-VVU-COMA-006,4,18.908166,-103.866275,COL01-VVU-TECO-022,10.21.40.158,TECOMAN
 06-COM-T.CAMPO4-VVU-AXIS-Q3708-PVE-F2-Entrada a Suchitlan-COL01-VVU-COMA-006,4,19.25301,-103.739149,COL01-VVU-VILL-022,10.21.50.58,VILLA
 02-COM-T.COMALA-VVU-AXIS-Q3708-PVE-F1-Libramiento Norte a Suchitlan-COL01-VVU-COMA-02,5,19.23037,-103.70376,COL01-VVU-COLI-023,10.21.62.16,COLIMA
 10-COM-T.COMALA-VVU-AXIS-Q3708-PVE-F1-Jardin Comala-COL01-VVU-COMA-010,5,19.123585,-104.324865,COL01-VVU-MANZ-023,10.21.30.12,MANZANILLO
 12-COM-T.COMALA-VVU-AXIS-Q3708-PVE-F2-Salida a Suchitlan-COL01-VVU-COMA-012,5,19.250453,-103.743387,COL01-VVU-VILL-023,10.21.50.60,VILLA
 10-COQ-T.ALCOMUN-VVU-AXIS-Q3708-PVE-F2-Entrada a Pueblo Juarez-COL01-VVU-COQU-010,5,19.236131,-103.698164,COL01-VVU-COLI-024,10.21.62.34,COLIMA
24-MANZ-CENTRAL-T.TORO-RTM-S-FORCE_200-CENTRAL,5,19.145547,-104.44292,COL01-VVU-MANZ-024,10.21.37.35,MANZANILLO
 06-MZO-T.TORO-VVU-AXIS-Q3708-PVE-F2-SEMAFORO Santiago-COL01-VVU-MANZ-006,4,18.896294,-103.87952,COL01-VVU-TECO-024,10.21.41.25,TECOMAN
 07-MZO-T.TORO-VVU-AXIS-Q3708-PVE-F2-Abarrotes La Viuda Santiago-COL01-VVU-MANZ-07,4,19.25679739,-103.7535525,COL01-VVU-VILL-024,10.21.50.62,VILLA
 10-MZO-T.TORO-VVU-AXIS-Q3708-PVE-F1-Vista del Mar-COL01-VVU-MANZ-010,5,19.225762,-103.717294,COL01-VVU-COLI-025,10.21.62.20,COLIMA
 10-MZO-T.TORO-VVU-AXIS-Q3708-PVE-F2-Vista del Mar-COL01-VVU-MANZ-010,5,19.106247,-104.335494,COL01-VVU-MANZ-025,10.21.30.57,MANZANILLO
 12-MZO-T.TORO-VVU-AXIS-Q3708-PVE-F2-Valle Paraiso-COL01-VVU-MANZ-012,3,18.91373824,-103.8857994,COL01-VVU-TECO-025,10.21.41.11,TECOMAN
 14-MZO-T.TORO-VVU-AXIS-Q3708-PVE-F2-Gta Los Patos-COL01-VVU-MANZ-014,5,19.259465,-103.758578,COL01-VVU-VILL-025,10.21.50.64,VILLA
 19-MZO-T.TORREC4-VVU-AXIS-Q3708-PVE-F2-Gta La Audiencia-COL01-VVU-MANZ-010,5,19.212672,-103.721524,COL01-VVU-COLI-026,10.21.62.88,COLIMA
 26-MZO-T.TORREC4-VVU-AXIS-Q3708-PVE-F1-Waltmart-COL01-VVU-MANZ-026,5,19.104054,-104.332153,COL01-VVU-MANZ-026,10.21.30.63,MANZANILLO
 26-MZO-T.TORREC4-VVU-AXIS-Q3708-PVE-F2-Waltmart-COL01-VVU-MANZ-026,4,18.90033537,-103.8831606,COL01-VVU-TECO-026,10.21.41.29,TECOMAN
 30-MZO-T.PROTCIVIL-VVU-AXIS-Q3708-PVE-F2-Secundaria 1-COL01-VVU-MANZ-030,5,19.294729,-103.734031,COL01-VVU-VILL-026,10.21.63.52,VILLA
 32-MZO-T.POZONEPAL-VVU-AXIS-Q3708-PVE-F2-Restaurante Coalata-COL01-VVU-MANZ-032,5,19.230297,-103.72319,COL01-VVU-COLI-027,10.21.62.92,COLIMA
 41-MZO-T.PROTCIVIL-VVU-AXIS-Q3708-PVE-F2-Iglesia Barrio 3-COL01-VVU-MANZ-041,5,19.101877,-104.326707,COL01-VVU-MANZ-027,10.21.30.36,MANZANILLO
 43-MZO-T.PROTCIVIL-VVU-AXIS-Q3708-PVE-F2-Mercado del Valle-COL01-VVU-MANZ-043,4,18.90627477,-103.8779512,COL01-VVU-TECO-027,10.21.41.23,TECOMAN
 45-MZO-T.PROTCIVIL-VVU-AXIS-Q3708-PVE-F2-Primavera Pesquera-COL01-VVU-MANZ-045,5,19.2735,-103.752147,COL01-VVU-VILL-027,10.21.63.54,VILLA
 47-MZO-T.PROTCIVIL-VVU-AXIS-Q3708-PVE-F2-Calle Ballena-COL01-VVU-MANZ-047,5,19.234391,-103.714543,COL01-VVU-COLI-028,10.21.62.32,COLIMA
 49-MZO-T.PROTCIVIL-VVU-AXIS-Q3708-PVE-F2-Carretera Jalipa Algodones-COL01-VVU-MANZ-049,4,19.113866,-104.32357,COL01-VVU-MANZ-028,10.21.30.34,MANZANILLO
 51-MZO-T.PROTCIVIL-VVU-AXIS-Q3708-PVE-F2-Fletes Woodward-COL01-VVU-MANZ-051,3,18.90453919,-103.8893868,COL01-VVU-TECO-028,10.21.41.31,TECOMAN
 55-MZO-T.POZONEPAL-VVU-AXIS-Q3708-PVE-F1-Las Joyas-COL01-VVU-MANZ-055,5,19.284134,-103.736271,COL01-VVU-VILL-028,10.21.63.56,VILLA
 55-MZO-T.POZONEPAL-VVU-AXIS-Q3708-PVE-F2-Las Joyas-COL01-VVU-MANZ-055,5,19.237042,-103.712718,COL01-VVU-COLI-029,10.21.62.30,COLIMA
 57-MZO-T.POCITOS-VVU-AXIS-Q3708-PVE-F2-Triangulito MZO-COL01-VVU-MANZ-057,5,19.09512,-104.31945,COL01-VVU-MANZ-029,10.21.30.166,MANZANILLO
 59-MZO-T.POCITOS-VVU-AXIS-Q3708-PVE-F2-Presidencia Manzanillo-COL01-VVU-MANZ-059,4,18.901676,-103.890987,COL01-VVU-TECO-029,10.21.71.58,TECOMAN
 61-MZO-T.POCITOS-VVU-AXIS-Q3708-PVE-F2-Calle 9 Padre Hidalgo-COL01-VVU-MANZ-061,4,19.247663,-103.757225,COL01-VVU-VILL-029,10.21.50.72,VILLA
 63-MZO-T.CENTROSALUD-VVU-AXIS-Q3708-PVE-F2-Libramiento El Colomo-COL01-VVU-MANZ-063,5,19.236631,-103.706953,COL01-VVU-COLI-030,10.21.62.22,COLIMA
 65-MZO-T.CENTROSALUD-VVU-AXIS-Q3708-PVE-F2-Puente El Colomo-COL01-VVU-MANZ-065,5,19.090785,-104.314506,COL01-VVU-MANZ-030,10.21.30.174,MANZANILLO
 05-ARM-T.ARMERIA-VVU-AXIS-Q3708-PVE-F1-CECATI 126-COL01-VVU-ARME-005,5,19.261852,-103.763517,COL01-VVU-VILL-030,10.21.50.74,VILLA
 02-ARM-T.ARMERIA-VVU-AXIS-Q3708-PVE-F2-Arcos Armeria-COL01-VVU-ARME-002,5,19.24455696,-103.7120606,COL01-VVU-COLI-031,10.21.62.12,COLIMA
31-TECO-YAZAKI-T.SEMEFO-RTM-S-FORCE_190-YAZAKI,4,18.907888,-103.889785,COL01-VVU-TECO-031,10.21.41.19,TECOMAN
31-VILL-TEC. DE COLIMA-T.VDA -RTM-S-FORCE_190-TEC. DE COLIMA,5,19.262358,-103.725013,COL01-VVU-VILL-031,10.21.50.77,VILLA
32-COLI-TV AZTECA-T.LAMARINA-RTM-S-FORCE_190-TV AZTECA,5,19.23742654,-103.7180825,COL01-VVU-COLI-032,10.21.62.74,COLIMA
32-MANZ-RESTAURANTE COALATA-T.POZONEPAL-RTM-S-FORCE_190-RESTAURANTE COALATA,5,19.067067,-104.302138,COL01-VVU-MANZ-032,10.21.31.72,MANZANILLO
32-TECO-TORITO PILLIN-T.SEMEFO-RTM-S-FORCE_190-TORITO PILLIN,4,18.91020523,-103.8824184,COL01-VVU-TECO-032,10.21.41.17,TECOMAN
32-VILL-EX HACIENDA DEL CARMEN-T.VDA -RTM-S-FORCE_190-EX HACIENDA DEL CARMEN,5,19.281073,-103.72882,COL01-VVU-VILL-032,10.21.50.79,VILLA
33-COLI-GTA. CHAC-T.CUMBRE-RTM-S-FORCE_190-GTA. CHAC,5,19.2331,-103.721312,COL01-VVU-COLI-033,10.21.62.38,COLIMA
33-MANZ-GARZA Y FLAMINGOS-T.C4MANZ-RTM-S-FORCE_190-GARZA Y FLAMINGOS,5,19.107446,-104.325316,COL01-VVU-MANZ-033,10.21.30.45,MANZANILLO
33-TECO-INDEPENDENCIA Y ANDADOR 18-T.SEMEFO-RTM-S-FORCE_190-INDEPENDENCIA Y ANDADOR 18,3,18.92070017,-103.8718219,COL01-VVU-TECO-033,10.21.41.45,TECOMAN
33-VILL-ROSARIO IBARRA-T.VDA -RTM-S-FORCE_190-ROSARIO IBARRA,5,19.25945,-103.72641,COL01-VVU-VILL-033,10.21.50.81,VILLA
34-COLI-GTA. SANTANDER-T.SSP-RTM-S-FORCE_190-GTA. SANTANDER,5,19.234889,-103.723924,COL01-VVU-COLI-034,10.21.62.94,COLIMA
34-MANZ-VILLA S DEL MAR-T.C4MANZ-RTM-S-FORCE_190-VILLA S DEL MAR,4,19.110546,-104.316955,COL01-VVU-MANZ-034,10.21.30.28,MANZANILLO
34-TECO-MERCADO LAZARO CARDENAS-T.SEMEFO-RTM-S-FORCE_190-MERCADO LAZARO CARDENAS,3,18.91478389,-103.878958,COL01-VVU-TECO-034,10.21.41.35,TECOMAN
34-VILL-DIVISION COLIMA Y VDEA-T.VDA -RTM-S-FORCE_190-DIVISION COLIMA Y VDEA,5,19.256823,-103.731348,COL01-VVU-VILL-034,10.21.50.83,VILLA
35-COLI-IGNACIO SANDOVAL Y SAN FERNANDO-CANCEROLOGIA-T.C5-RTM-S-FORCE_190-IGNACIO SANDOVAL Y SAN FERNANDO-CANCEROLOGIA,5,19.24798599,-103.7167487,COL01-VVU-COLI-035,10.21.62.4,COLIMA
35-MANZ-AV. PELICANOS-T.C4MANZ-RTM-S-FORCE_190-AV. PELICANOS,5,19.107512,-104.317216,COL01-VVU-MANZ-035,10.21.30.47,MANZANILLO
35-TECO-PARQUE CUAUHTEMOC-T.SEMEFO-RTM-S-FORCE_190-PARQUE CUAUHTEMOC,3,18.91546795,-103.8824292,COL01-VVU-TECO-035,10.21.41.13,TECOMAN
35-VILL-ENTRADA SORIANA-T.VDA -RTM-S-FORCE_190-ENTRADA SORIANA,5,19.273676,-103.736704,COL01-VVU-VILL-035,10.21.50.85,VILLA
36-COLI-EL TREBOL-T.LAMARINA-RTM-S-FORCE_190-EL TREBOL,5,19.243288,-103.729078,COL01-VVU-COLI-036,10.21.62.60,COLIMA
36-MANZ-ST JOHNS-T.C4MANZ-RTM-S-FORCE_190-ST JOHNS,5,19.105039,-104.318734,COL01-VVU-MANZ-036,10.21.30.43,MANZANILLO
36-TECO-KIOSKO PALMA REAL-T.SEMEFO-RTM-S-FORCE_190-KIOSKO PALMA REAL,4,18.9230324,-103.8894174,COL01-VVU-TECO-036,10.21.41.15,TECOMAN
37-COLI-JARDIN NUNEZ-T.LAMARINA-RTM-S-FORCE_190-JARDIN NUNEZ,5,19.239032,-103.724603,COL01-VVU-COLI-037,10.21.62.78,COLIMA
37-MANZ-ELIAS ZAMORA Y GAVIOTAS-T.C4MANZ-RTM-S-FORCE_190-ELIAS ZAMORA Y GAVIOTAS,5,19.107128,-104.312951,COL01-VVU-MANZ-037,10.21.30.49,MANZANILLO
37-TECO-PARQUE PALMA REAL 2-T.SEMEFO-RTM-S-FORCE_190-PARQUE PALMA REAL 2,4,18.9250662,-103.8971762,COL01-VVU-TECO-037,10.21.41.33,TECOMAN
37-VILL-GTA. PERRITOS-T.VDA -RTM-S-FORCE_190-GTA. PERRITOS,5,19.283737,-103.744195,COL01-VVU-VILL-037,10.21.63.74,VILLA
38-COLI-DIABLITO-T.LAMARINA-RTM-S-FORCE_190-DIABLITO,5,19.24224,-103.726288,COL01-VVU-COLI-038,10.21.62.64,COLIMA
38-MANZ-ENTRONQUE BARRIO 5-T.C4MANZ-RTM-S-FORCE_190-ENTRONQUE BARRIO 5,5,19.111019,-104.307619,COL01-VVU-MANZ-038,10.21.30.30,MANZANILLO
38-TECO-JARDIN MADRID-T.IXTLAHUACAN-RTM-S-FORCE_200-JARDIN MADRID,5,19.08412205,-103.8735941,COL01-VVU-TECO-038,10.21.90.20,TECOMAN
38-VILL-CLINICA 1 IMSS-T.VDA -RTM-S-FORCE_190-CLINICA 1 IMSS,5,19.270064,-103.75908,COL01-VVU-VILL-038,10.21.63.76,VILLA
39-COLI-PAPELERIA MANZANILLO-T.LAMARINA-RTM-S-FORCE_190-PAPELERIA MANZANILLO,5,19.24068293,-103.724165,COL01-VVU-COLI-039,10.21.62.68,COLIMA
39-MANZ-CARCAMO Y BARRIO 3-T.C4MANZ-RTM-S-FORCE_190-CARCAMO Y BARRIO 3,5,19.10227027,-104.3072066,COL01-VVU-MANZ-039,10.21.30.70,MANZANILLO
39-VILL-PARQUE INDUSTRIAL-T.VDA -RTM-S-FORCE_190-PARQUE INDUSTRIAL,4,19.238426,-103.76186,COL01-VVU-VILL-039,10.21.50.93,VILLA
40-COLI-V. CARRANZA Y TECNOLOGICO-T.LAMARINA-RTM-S-FORCE_190-V. CARRANZA Y TECNOLOGICO,5,19.104723,-104.304269,COL01-VVU-MANZ-040,10.21.62.50,COLIMA
40-VILL-SALIDA AL CHIVATO-T.VDA -RTM-S-FORCE_190-SALIDA AL CHIVATO,5,19.263695,-103.734537,COL01-VVU-VILL-040,10.21.50.95,VILLA
41-COLI-FRAY PEDRO-T.LAMARINA-RTM-S-FORCE_190-FRAY PEDRO,5,19.23526,-103.731404,COL01-VVU-COLI-041,10.21.62.56,COLIMA
41-VILL-DIANA CAZADORA-T.VDA -RTM-S-FORCE_190-DIANA CAZADORA,4,19.254089,-103.744653,COL01-VVU-VILL-041,10.21.63.82,VILLA
42-COLI-QUINTA EL TIVOLI-T.LAMARINA-RTM-S-FORCE_180-QUINTA EL TIVOLI,5,19.226066,-103.734126,COL01-VVU-COLI-042,10.21.62.62,COLIMA
42-TECO-CERRO DE ORTEGA SALIDA-T.PRIMAVERA-RTM-S-FORCE_190-CERRO DE ORTEGA SALIDA,4,18.747945,-103.714135,COL01-VVU-TECO-042,10.21.40.15,TECOMAN
42-VILL-LA LECHERA-T.VDA -RTM-S-FORCE_200-LA LECHERA,5,19.244094,-103.74839,COL01-VVU-VILL-042,10.21.50.99,VILLA
43-COLI-ENTRADA CANCEROLOGIA-TIVOLI-T.LAMARINA-RTM-S-FORCE_190-ENTRADA CANCEROLOGIA-TIVOLI,5,19.222288,-103.733251,COL01-VVU-COLI-043,10.21.62.46,COLIMA
43-MANZ-MERCADO DEL VALLE-T.PC-RTM-S-FORCE_190-MERCADO DEL VALLE,5,19.09492,-104.302675,COL01-VVU-MANZ-043,10.21.30.164,MANZANILLO
43-VILL-TORITO-T.VDA -RTM-S-FORCE_190-TORITO,5,19.226695,-103.7409,COL01-VVU-COLI-044,10.21.50.101,VILLA
44-VILL-JARDIN VILLA IZCALLI-T.VDA -RTM-S-FORCE_190-JARDIN VILLA IZCALLI,5,19.287638,-103.734533,COL01-VVU-VILL-044,10.21.50.103,VILLA
45-VILL-DIOSA DEL AGUA-T.VDA -RTM-S-FORCE_190-DIOSA DEL AGUA,5,19.273581,-103.739534,COL01-VVU-VILL-045,10.21.50.105,VILLA
46-COLI-PEMEX-T.CUMBRE-RTM-S-FORCE_190-PEMEX,5,19.2349829,-103.7671519,COL01-VVU-COLI-046,10.21.62.86,COLIMA
46-MANZ-CASA HOGAR LIBORIO ESPINOZA-T.PC-RTM-S-FORCE_180-CASA HOGAR LIBORIO ESPINOZA,5,19.09238911,-104.2912373,COL01-VVU-MANZ-046,10.21.30.138,MANZANILLO
46-VILL-EL ANGEL-T.VDA -RTM-S-FORCE_190-EL ANGEL,5,19.270758,-103.747466,COL01-VVU-VILL-046,10.21.63.92,VILLA
47-COLI-RECOLAVI Y PRADOS DEL SUR-T.LAMARINA-RTM-S-FORCE_190-RECOLAVI Y PRADOS DEL SUR,5,19.23416,-103.752109,COL01-VVU-COLI-047,10.21.62.42,COLIMA
47-VILL-LOS VOLCANES-T.VDA -RTM-S-FORCE_190-LOS VOLCANES,5,19.28367766,-103.7798852,COL01-VVU-VILL-047,10.21.50.118,VILLA
48-COLI-ALBARRADA Y ENTRADA DIF-T.LAMARINA-RTM-S-FORCE_190-ALBARRADA Y ENTRADA DIF,5,19.23666223,-103.7429737,COL01-VVU-COLI-048,10.21.62.66,COLIMA
49-COLI-ANASTACIO BRIZUELA Y SOSTENES ROCHA-T.LAMARINA-RTM-S-FORCE_190-ANASTACIO BRIZUELA Y SOSTENES ROCHA,5,19.239827,-103.7386676,COL01-VVU-COLI-049,10.21.62.70,COLIMA
50-COLI-SAMS CLUB COLIMA-T.LAMARINA-RTM-S-FORCE_190-SAMS CLUB COLIMA,5,19.243921,-103.736111,COL01-VVU-COLI-050,10.21.62.72,COLIMA
51-COLI-OXXO 5 DE MAYO-T.LAMARINA-RTM-S-FORCE_190-OXXO 5 DE MAYO,5,19.24869409,-103.7332102,COL01-VVU-COLI-051,10.21.62.52,COLIMA
52-COLI-JARDIN SAN FCO.-T.LAMARINA-RTM-S-FORCE_190-JARDIN SAN FCO.,5,19.253718,-103.730195,COL01-VVU-COLI-052,10.21.62.48,COLIMA
53-COLI-ISENCO-T.LAMARINA-RTM-S-FORCE_190-ISENCO,4,19.25414948,-103.725105,COL01-VVU-COLI-053,10.21.62.54,COLIMA
54-COLI-PLAZA SAN FERNANDO-T.LAMARINA-RTM-S-FORCE_190-PLAZA SAN FERNANDO,5,19.2511818,-103.7211794,COL01-VVU-COLI-054,10.21.62.76,COLIMA
54-MANZ-LA FLECLITA-T.POZONEPAL-RTM-S-FORCE_190-LA FLECLITA,5,19.062792,-104.289897,COL01-VVU-MANZ-054,10.21.31.74,MANZANILLO
55-COLI-LIBRAMENTO CENTRAL-T.COM-SEG-RTM-S-FORCE_190-LIBRAMENTO CENTRAL,5,19.23560862,-103.703297,COL01-VVU-COLI-055,10.21.62.40,COLIMA
55-MANZ-LAS JOYAS-T.POZONEPAL-RTM-S-FORCE_190-LAS JOYAS,5,19.05644,-104.293519,COL01-VVU-MANZ-055,10.21.31.76,MANZANILLO
58-MANZ-BIBLIOTECA-T.POCITOS-RTM-S-FORCE_190-BIBLIOTECA,5,19.053286,-104.31388,COL01-VVU-MANZ-058,10.21.31.107,MANZANILLO
59-MANZ-PRESIDENCIA MANZANILLO-T.POCITOS-RTM-S-FORCE_190-PRESIDENCIA MANZANILLO,5,19.053924,-104.316158,COL01-VVU-MANZ-059,10.21.31.118,MANZANILLO
60-MANZ-SEMAFORO SANTIAGO-T.POCITOS-RTM-S-FORCE_190-SEMAFORO SANTIAGO,5,19.048924,-104.318866,COL01-VVU-MANZ-060,10.21.31.114,MANZANILLO
62-MANZ-CENTRO DE SALUD EL COLOMO-T.CENTRODESALUD-RTM-S-FORCE_190-CENTRO DE SALUD EL COLOMO,5,19.055749,-104.241874,COL01-VVU-MANZ-062,10.21.31.172,MANZANILLO
63-MANZ-LIBRAMIENTO EL COLOMO-T.CENTRODESALUD-RTM-S-FORCE_190-LIBRAMIENTO EL COLOMO,5,19.049337,-104.223426,COL01-VVU-MANZ-063,10.21.31.174,MANZANILLO
64-MANZ-EL COLOMO-T.CENTRODESALUD-RTM-S-FORCE_190-EL COLOMO,5,19.060591,-104.259918,COL01-VVU-MANZ-064,10.21.31.170,MANZANILLO
65-MANZ-PUENTE EL COLOMO-T.CENTRODESALUD-RTM-S-FORCE_190-PUENTE EL COLOMO,5,19.051328,-104.268144,COL01-VVU-MANZ-065,10.21.31.168,MANZANILLO
01-ARME-T.ARMERIA-VVU-AXIS-Q6155-E-PTZ-ENTRADA ARMERIA AUTOPISTA-COL01-VVU-ARME-001,3,18.92974557,-103.9638611,COL01-VVU-ARME-001,10.21.145.2,ARMERIA
01-COLI-T.COMPADMIN-VVU-AXIS-Q6155-E-PTZ-ESMERALDA NORTE-COL01-VVU-COLI-001,3,19.277977,-103.710225,COL01-VVU-COLI-001,10.21.141.65,COLIMA
01-COMA-T.COMALA-VVU-AXIS-Q6155-E-PTZ-GASOLINERA ENTRADA A COMALA-COL01-VVU-COMA-001,3,19.319392,-103.75969,COL01-VVU-COMA-001,10.21.160.2,COMALA
01-COQU-T.COQUIMATLAN-VVU-AXIS-Q6155-E-PTZ-COLONIA SAN MIGUEL-COL01-VVU-COQU-001,3,19.211881,-103.809066,COL01-VVU-COQU-001,10.21.143.176,COQUIMATLAN
01-CUAU-T.MONTITLAN-VVU-AXIS-Q6155-E-PTZ-EL COBANO-COL01-VVU-CUAU-001,3,19.30268135,-103.6450818,COL01-VVU-CUAU-001,10.21.141.2,CUAUHTEMOC
01-IXTL-T.ALCOMUN-VVU-AXIS-Q6155-E-PTZ-ARCOS IXTLAHUACAN-COL01-VVU-IXTL-001,3,18.99994889,-103.7416616,COL01-VVU-IXTL-001,10.21.168.20,IXTLAHUACAN
01-MANZ-T.TORO-VVU-AXIS-Q6155-E-PTZ-UNIVERSIDAD ECA-COL01-VVU-MANZ-001,3,19.1253378,-104.40181,COL01-VVU-MANZ-001,10.21.117.29,MANZANILLO
01-MINA-T.MINA-VVU-AXIS-Q6155-E-PTZ-EL POBLADO MINATITLAN-COL01-VVU-MINA-001,3,19.36150471,-104.0913475,COL01-VVU-MINA-001,10.21.155.11,MINATITLAN
01-TECO-T.TORREPRIMAVERA-VVU-AXIS-Q6155-E-PTZ-CERRO DE ORTEGA CENTRO-COL01-VVU-TECO-001,2,18.75051925,-103.7196855,COL01-VVU-TECO-001,10.21.120.5,TECOMAN
01-VILL-T.VDA-VVU-AXIS-Q3708-PVE-PTZ-CRUCERO CFE-COL01-VVU-VILL-001,3,19.240572,-103.756665,COL01-VVU-VILL-001,10.21.143.2,VILLA
02-ARME-T.ARMERIA-VVU-AXIS-Q6155-E-PTZ-ARCOS ARMERIA-COL01-VVU-ARME-002,3,18.93568891,-103.9647168,COL01-VVU-ARME-002,10.21.145.5,ARMERIA
02-COLI-T.COMPADMIN-VVU-AXIS-Q6155-E-PTZ-TERCER ANILLO V CARRANZA-COL01-VVU-COLI-002,3,19.274148,-103.715164,COL01-VVU-COLI-002,10.21.141.62,COLIMA
02-COMA-T.COMALA-VVU-AXIS-Q6155-E-PTZ-LIBRAMIENTO NORTE A SUCHITLAN-COL01-VVU-COMA-002,3,19.343956,-103.741259,COL01-VVU-COMA-002,10.21.160.5,COMALA
02-COQU-T.COQUIMATLAN-VVU-AXIS-Q6155-E-PTZ-ANTIGUA ESTACION DEL TREN-COL01-VVU-COQU-002,3,19.206011,-103.807459,COL01-VVU-COQU-002,10.21.143.179,COQUIMATLAN
02-CUAU-T.MONTITLAN-VVU-AXIS-Q6155-E-PTZ-ENTRADA A CHIAPA-COL01-VVU-CUAU-002,3,19.33118475,-103.65128,COL01-VVU-CUAU-002,10.21.141.5,CUAUHTEMOC
02-IXTL-T.ALCOMUN-VVU-AXIS-Q6155-E-PTZ-SALIDA A PLAN DE ZAPOTE-COL01-VVU-IXTL-002,3,18.99203677,-103.7349281,COL01-VVU-IXTL-002,10.21.168.23,IXTLAHUACAN
02-MANZ-T.TORO-VVU-AXIS-Q6155-E-PTZ-CRUCERO CLUB SANTIAGO-COL01-VVU-MANZ-002,3,19.1211478,-104.39168,COL01-VVU-MANZ-002,10.21.117.32,MANZANILLO
02-MINA-T.CARB-VVU-AXIS-Q6155-E-PTZ-JARDIN PATICAJO-COL01-VVU-MINA-002,2,19.30025556,-104.1523917,COL01-VVU-MINA-002,10.21.150.5,MINATITLAN
02-TECO-T.TORREPRIMAVERA-VVU-AXIS-Q6155-E-PTZ-CERRO DE ORTEGA-COL01-VVU-TECO-002,2,18.756102,-103.724521,COL01-VVU-TECO-002,10.21.120.2,TECOMAN
02-VILL-T.LAMARINA-VVU-AXIS-Q6155-E-PTZ-PRESIDENCIA DE VILL-COL01-VVU-VILL-002,3,19.26487453,-103.736608,COL01-VVU-VILL-002,10.21.142.122,VILLA
03-ARME-T.ARMERIA-VVU-AXIS-Q6155-E-PTZ-JARDIN ARMERIA-COL01-VVU-ARME-003,3,18.93759167,-103.9648667,COL01-VVU-ARME-003,10.21.145.9,ARMERIA
03-COLI-T.LAMARINA-VVU-AXIS-Q6155-E-PTZ-GASOLINERA CORTEZ-COL01-VVU-COLI-003,3,19.208798,-103.741609,COL01-VVU-COLI-003,10.21.142.119,COLIMA
03-COMA-T.COMALA-VVU-AXIS-Q6155-E-PTZ-SALIDA A LA CAJA-COL01-VVU-COMA-003,3,19.331932,-103.764605,COL01-VVU-COMA-003,10.21.160.8,COMALA
03-COQU-T.COQUIMATLAN-VVU-AXIS-Q6155-E-PTZ-SALIDA A JALA-COL01-VVU-COQU-003,3,19.19722,-103.812149,COL01-VVU-COQU-003,10.21.143.182,COQUIMATLAN
03-CUAU-T.PCCUAU-VVU-AXIS-Q6155-E-PTZ-CRUCERO AL AEROPUERTO-COL01-VVU-CUAU-003,3,19.31153,-103.60366,COL01-VVU-CUAU-003,10.21.141.8,CUAUHTEMOC
03-IXTL-T.ALCOMUN-VVU-AXIS-Q6155-E-PTZ-CRUCERO TAMALA-COL01-VVU-IXTL-003,3,19.006786,-103.756819,COL01-VVU-IXTL-003,10.21.168.26,IXTLAHUACAN
03-MANZ-T.TORO-VVU-AXIS-Q6155-E-PTZ-OLAS ALTAS-COL01-VVU-MANZ-003,3,19.119526,-104.367229,COL01-VVU-MANZ-003,10.21.117.11,MANZANILLO
03-MINA-T.CARB-VVU-AXIS-Q6155-E-PTZ-SALIDA A LAS GUASIMAS-COL01-VVU-MINA-003,3,19.38345006,-104.0518446,COL01-VVU-MINA-003,10.21.155.42,MINATITLAN
03-TECO-T.TORREPRIMAVERA-VVU-AXIS-Q6155-E-PTZ-COFRADIA DE MORELOS-COL01-VVU-TECO-003,2,18.86715809,-103.8357521,COL01-VVU-TECO-003,10.21.120.23,TECOMAN
03-VILL-T.VDA-VVU-AXIS-Q6155-E-PTZ-5 DE MAYO CUAUHTEMOC-COL01-VVU-VILL-003,3,19.266378,-103.730215,COL01-VVU-VILL-003,10.21.130.8,VILLA
04-ARME-T.ARMERIA-VVU-AXIS-Q6155-E-PTZ-CAPILLA CRISTO REY-COL01-VVU-ARME-004,3,18.93991944,-103.9631278,COL01-VVU-ARME-004,10.21.145.12,ARMERIA
04-COLI-T.LAMARINA-VVU-AXIS-Q6155-E-PTZ-V CARRANZA TECNOLOGICO-COL01-VVU-COLI-004,3,19.257988,-103.719248,COL01-VVU-COLI-004,10.21.142.86,COLIMA
04-COMA-T.CAMPO4-VVU-AXIS-Q6155-E-PTZ-COFRADIA DE SUCHITLAN-COL01-VVU-COMA-004,3,19.40927121,-103.6964697,COL01-VVU-COMA-004,10.21.160.11,COMALA
04-COQU-T.COQUIMATLAN-VVU-AXIS-Q6155-E-PTZ-SALIDA A PUEBLO JUAREZ-COL01-VVU-COQU-004,3,19.19896,-103.813407,COL01-VVU-COQU-004,10.21.143.185,COQUIMATLAN
04-CUAU-T.QUESERIA-VVU-AXIS-Q6155-E-PTZ-CAMPO FUTBOL ALZADA-COL01-VVU-CUAU-004,2,19.261151,-103.527542,COL01-VVU-CUAU-004,10.21.141.11,CUAUHTEMOC
04-IXTL-T.ALCOMUN-VVU-AXIS-Q6155-E-PTZ-JARDIN IXTLAHUACAN-COL01-VVU-IXTL-004,3,19.00105126,-103.738014,COL01-VVU-IXTL-004,10.21.168.29,IXTLAHUACAN
04-MANZ-T.TORO-VVU-AXIS-Q6155-E-PTZ-CENTRO DE SALUD SANTIAGO-COL01-VVU-MANZ-004,3,19.11959803,-104.3549921,COL01-VVU-MANZ-004,10.21.117.17,MANZANILLO
04-TECO-T.TORRESEMEFO-VVU-AXIS-Q3708-PVE-PTZ-18 DE JULIO RIO NARANJO-COL01-VVU-TECO-004,3,18.90424678,-103.8728925,COL01-VVU-TECO-004,10.21.121.50,TECOMAN
04-VILL-T.VDA-VVU-AXIS-Q6155-E-PTZ-SALIDA AL CHIVATO-COL01-VVU-VILL-004,3,19.286622,-103.726342,COL01-VVU-VILL-004,10.21.143.11,VILLA
05-ARME-T.ARMERIA-VVU-AXIS-Q6155-E-PTZ-CECATI 126-COL01-VVU-ARME-005,3,18.939225,-103.9695778,COL01-VVU-ARME-005,10.21.145.14,ARMERIA
05-COLI-T.C5-VVU-AXIS-Q6155-E-PTZ-SAMS CLUB COLIMA-COL01-VVU-COLI-005,3,19.256378,-103.716807,COL01-VVU-COLI-005,10.21.142.11,COLIMA
05-COMA-T.COMALA-VVU-AXIS-Q6155-E-PTZ-TELEGRAFOS-COL01-VVU-COMA-005,3,19.322339,-103.761591,COL01-VVU-COMA-005,10.21.160.14,COMALA
05-COQU-T.COQUIMATLAN-VVU-AXIS-Q6155-E-PTZ-JARDIN COQUIMATLAN-COL01-VVU-COQU-005,3,19.20105345,-103.8107151,COL01-VVU-COQU-005,10.21.143.188,COQUIMATLAN
05-CUAU-T.QUESERIA-VVU-AXIS-Q6155-E-PTZ-ENTRADA AL PANTEON QUESERIA-COL01-VVU-CUAU-005,3,193.865478,-103.56772,COL01-VVU-CUAU-005,10.21.141.14,CUAUHTEMOC
05-IXTL-T.ALCOMUN-VVU-AXIS-Q6155-E-PTZ-SALIDA A LA PRESA-COL01-VVU-IXTL-005,3,19.00098001,-103.7334358,COL01-VVU-IXTL-005,10.21.166.26,IXTLAHUACAN
05-MANZ-T.TORREC4-VVU-AXIS-Q6155-E-PTZ-KIOSKO ALLENDE-COL01-VVU-MANZ-005,3,19.12253346,-104.3525729,COL01-VVU-MANZ-005,10.21.110.20,MANZANILLO
05-MINA-T.MINA-VVU-AXIS-Q6155-E-PTZ-SALIDA AL PANTEON MINATITLAN-COL01-VVU-MINA-005,3,19.394005,-104.046194,COL01-VVU-MINA-005,10.21.155.14,MINATITLAN
05-TECO-T.TORRESEMEFO-VVU-AXIS-Q6155-E-PTZ-PRESIDENCIA TECOMAN-COL01-VVU-TECO-005,3,18.91012836,-103.8726953,COL01-VVU-TECO-005,10.21.121.47,TECOMAN
05-VILL-T.VDA-VVU-AXIS-Q6155-E-PTZ-AKOLIMAN CERRO DEL ALCOMUN-COL01-VVU-VILL-005,3,19.29517749,-103.7315701,COL01-VVU-VILL-005,10.21.143.14,VILLA
06-ARME-T.ARMERIA-VVU-AXIS-Q6155-E-PTZ-SALIDA A CUYUTLAN-COL01-VVU-ARME-006,3,18.93460546,-103.973271,COL01-VVU-ARME-006,10.21.145.23,ARMERIA
06-COLI-T.C5-VVU-AXIS-Q6155-E-PTZ-PARQUE ROYAL-COL01-VVU-COLI-006,3,19.263139,-103.711589,COL01-VVU-COLI-006,10.21.142.8,COLIMA
06-COMA-T.CAMPO4-VVU-AXIS-Q6155-E-PTZ-ENTRADA A SUCHITLAN-COL01-VVU-COMA-006,3,19.37629,-103.717264,COL01-VVU-COMA-006,10.21.160.17,COMALA
06-COQU-T.COQUIMATLAN-VVU-AXIS-Q6155-E-PTZ-ENTRADA A COQUIMATLAN-COL01-VVU-COQU-006,3,19.212555,-103.805648,COL01-VVU-COQU-006,10.21.143.191,COQUIMATLAN
06-CUAU-T.MONTITLAN-VVU-AXIS-Q6155-E-PTZ-CARR. CHIAPA. OCOTILLO-COL01-VVU-CUAU-006,3,19.334494,-103.664837,COL01-VVU-CUAU-006,10.21.141.17,CUAUHTEMOC
06-IXTL-T.ALCOMUN-VVU-AXIS-Q6155-E-PTZ-SALIDA A ZINACAMITLAN-COL01-VVU-IXTL-006,3,18.99811,-103.733981,COL01-VVU-IXTL-006,10.21.166.29,IXTLAHUACAN
06-MANZ-T.TORO-VVU-AXIS-Q6155-E-PTZ-SEMAFORO SANTIAGO-COL01-VVU-MANZ-006,3,19.117377,-104.353023,COL01-VVU-MANZ-006,10.21.117.15,MANZANILLO
06-MINA-T.MINA-VVU-AXIS-Q6155-E-PTZ-ENTRADA A MINATITLAN-COL01-VVU-MINA-006,3,19.388409,-104.061338,COL01-VVU-MINA-006,10.21.155.17,MINATITLAN
06-TECO-T.TORRETECOC2-VVU-AXIS-Q6155-E-PTZ-ANDADOR LOPEZ MATEOS-COL01-VVU-TECO-006,3,18.910814,-103.873418,COL01-VVU-TECO-006,10.21.120.157,TECOMAN
06-VILL-T.VDA-VVU-AXIS-Q6155-E-PTZ-CAMPO DEP DRAGONES-COL01-VVU-VILL-006,3,19.258315,-103.7472,COL01-VVU-VILL-006,10.21.130.17,VILLA
07-ARME-T.ALCOMUN-VVU-AXIS-Q6155-E-PTZ-CRUCERO PERIQUILLOS-COL01-VVU-ARME-007,2,18.94994454,-103.94689,COL01-VVU-ARME-007,10.21.166.17,ARMERIA
07-COLI-T.C5-VVU-AXIS-Q6155-E-PTZ-LA MEDUSA-COL01-VVU-COLI-007,3,19.26241612,-103.7045698,COL01-VVU-COLI-007,10.21.142.2,COLIMA
07-COMA-T.CAMPO4-VVU-AXIS-Q6155-E-PTZ-CRUCERO CARRIZALILLOS-COL01-VVU-COMA-007,3,19.42689787,-103.6992929,COL01-VVU-COMA-007,10.21.160.23,COMALA
07-COQU-T.COQUIMATLAN-VVU-AXIS-Q6155-E-PTZ-CRUCERO DEL CHICAL-COL01-VVU-COQU-007,3,19.22314741,-103.7973401,COL01-VVU-COQU-007,10.21.143.194,COQUIMATLAN
07-CUAU-T.QUESERIA-VVU-AXIS-Q6155-E-PTZ-CRUCERO MONTILTAN-COL01-VVU-CUAU-007,3,19.390067,-103.583945,COL01-VVU-CUAU-007,10.21.141.20,CUAUHTEMOC
07-IXTL-T.ALCOMUN-VVU-AXIS-Q6155-E-PTZ-ENTRADA A LA PRESA-COL01-VVU-IXTL-007,3,19.005184,-103.735609,COL01-VVU-IXTL-007,10.21.168.38,IXTLAHUACAN
07-MANZ-T.TORO-VVU-AXIS-Q6155-E-PTZ-ABARROTES LA VIUDA SANTIAGO-COL01-VVU-MANZ-007,3,19.120648,-104.350431,COL01-VVU-MANZ-007,10.21.117.26,MANZANILLO
07-MINA-T.MINA-VVU-AXIS-Q6155-E-PTZ-PALENQUE DE GALLOS MINATITLAN-COL01-VVU-MINA-007,3,19.391137,-104.049039,COL01-VVU-MINA-007,10.21.155.20,MINATITLAN
07-TECO-T.TORRETECOC2-VVU-AXIS-Q6155-E-PTZ-EL LIMONERO-COL01-VVU-TECO-007,3,18.93980809,-103.8945509,COL01-VVU-TECO-007,10.21.151.11,TECOMAN
07-VILL-T.VDA-VVU-AXIS-Q6155-E-PTZ-GASOLINERA ESCUELA DE TALENTOS-COL01-VVU-VILL-007,3,19.244713,-103.758133,COL01-VVU-VILL-007,10.21.130.20,VILLA
08-ARME-T.ALCOMUN-VVU-AXIS-Q6155-E-PTZ-SALIDA RINCON DE LOPEZ-COL01-VVU-ARME-008,2,18.96410899,-103.9534115,COL01-VVU-ARME-008,10.21.168.11,ARMERIA
08-COLI-T.C5-VVU-AXIS-Q6155-E-PTZ-STARBUCKS-COL01-VVU-COLI-008,3,19.253018,-103.712652,COL01-VVU-COLI-008,10.21.142.20,COLIMA
08-COMA-T.COMALA-VVU-AXIS-Q6155-E-PTZ-ENTRADA A ZACUALPAN-COL01-VVU-COMA-008,3,19.36344233,-103.8222651,COL01-VVU-COMA-008,10.21.160.20,COMALA
08-COQU-T.COQUIMATLAN-VVU-AXIS-Q6155-E-PTZ-PLAZA DEL VALLE-COL01-VVU-COQU-008,3,19.21462,-103.809169,COL01-VVU-COQU-008,10.21.143.197,COQUIMATLAN
08-CUAU-T.MONTITLAN-VVU-AXIS-Q6155-E-PTZ-JARDIN  QUESERIA-COL01-VVU-CUAU-008,3,19.38675264,-103.5731949,COL01-VVU-CUAU-008,10.21.141.23,CUAUHTEMOC
08-MANZ-T.TORO-VVU-AXIS-Q6155-E-PTZ-BASE 23-COL01-VVU-MANZ-008,3,19.13044466,-104.3482119,COL01-VVU-MANZ-008,10.21.117.2,MANZANILLO
08-MINA-T.MINA-VVU-AXIS-Q6155-E-PTZ-PRESIDENCIA MINATITLAN-COL01-VVU-MINA-008,3,19.38629614,-104.0495021,COL01-VVU-MINA-008,10.21.155.26,MINATITLAN
08-TECO-T.TORRETECOC2-VVU-AXIS-Q6155-E-PTZ-AURRERA-COL01-VVU-TECO-008,3,18.92426953,-103.8830099,COL01-VVU-TECO-008,10.21.120.166,TECOMAN
08-VILL-T.VDA-VVU-AXIS-Q6155-E-PTZ-LA RESERVA-COL01-VVU-VILL-008,3,19.266376,-103.770955,COL01-VVU-VILL-008,10.21.143.23,VILLA
09-ARME-T.ALCOMUN-VVU-AXIS-Q6155-E-PTZ-RINCON DE LOPEZ-COL01-VVU-ARME-009,2,19.0578976,-103.929469,COL01-VVU-ARME-009,10.21.168.14,ARMERIA
09-COLI-T.C5-VVU-AXIS-Q6155-E-PTZ-MARIA ISABEL-COL01-VVU-COLI-009,3,19.248132,-103.706232,COL01-VVU-COLI-009,10.21.142.14,COLIMA
09-COMA-T.CAMPO4-VVU-AXIS-Q6155-E-PTZ-NOGUERAS-COL01-VVU-COMA-009,3,19.323771,-103.740896,COL01-VVU-COMA-009,10.21.160.38,COMALA
09-COQU-T.COQUIMATLAN-VVU-AXIS-Q6155-E-PTZ-SECUNDARIA COL. EJIDAL-COL01-VVU-COQU-009,3,19.20205117,-103.806615,COL01-VVU-COQU-009,10.21.143.200,COQUIMATLAN
09-CUAU-T.PCCUAU-VVU-AXIS-Q6155-E-PTZ-BACHILLERATO NO. 13-COL01-VVU-CUAU-009,3,19.337271,-103.604648,COL01-VVU-CUAU-009,10.21.141.26,CUAUHTEMOC
09-MANZ-T.TORREC4-VVU-AXIS-Q6155-E-PTZ-NAUTILUS LA JOYA-COL01-VVU-MANZ-009,3,19.126717,-104.342354,COL01-VVU-MANZ-009,10.21.110.11,MANZANILLO
09-MINA-T.MINA-VVU-AXIS-Q6155-E-PTZ-SALIDA AL MIXCUATE-COL01-VVU-MINA-009,3,19.38602222,-104.0468556,COL01-VVU-MINA-009,10.21.155.23,MINATITLAN
09-TECO-T.TORRETECOC2-VVU-AXIS-Q6155-E-PTZ-TRIANGULITO TEC.-COL01-VVU-TECO-009,3,18.915426,-103.876864,COL01-VVU-TECO-009,10.21.120.160,TECOMAN
09-VILL-T.VDA-VVU-AXIS-Q6155-E-PTZ-LLANTISIMO MARIA AHUMADA-COL01-VVU-VILL-009,3,19.270271,-103.732239,COL01-VVU-VILL-009,10.21.130.26,VILLA
10-ARME-T.ARMERIA-VVU-AXIS-Q6155-E-PTZ-UNIDAD DEPORTIVA ARMERIA-COL01-VVU-ARME-010,3,18.947157,-103.967343,COL01-VVU-ARME-010,10.21.145.20,ARMERIA
10-COLI-T.COMPADMIN-VVU-AXIS-Q6155-E-PTZ-CBTIS 19-COL01-VVU-COLI-010,3,19.246142,-103.703289,COL01-VVU-COLI-010,10.21.141.44,COLIMA
10-COMA-T.COMALA-VVU-AXIS-Q6155-E-PTZ-JARDIN COMALA-COL01-VVU-COMA-010,3,19.32265,-103.758332,COL01-VVU-COMA-010,10.21.160.29,COMALA
10-COQU-T.ALCOMUN-VVU-AXIS-Q6155-E-PTZ-ENTRADA A PUEBLO JUAREZ-COL01-VVU-COQU-010,3,19.16851,-103.926986,COL01-VVU-COQU-010,10.21.166.2,COQUIMATLAN
10-CUAU-T.LACUMBRE-VVU-AXIS-Q6155-E-PTZ-JARDIN EL TRAPICHE-COL01-VVU-CUAU-010,3,19.278276,-103.662322,COL01-VVU-CUAU-010,10.21.142.125,CUAUHTEMOC
10-MANZ-T.TORO-VVU-AXIS-Q6155-E-PTZ-VISTA DEL MAR-COL01-VVU-MANZ-010,3,19.137723,-104.349454,COL01-VVU-MANZ-010,10.21.117.5,MANZANILLO
10-MINA-T.CARB-VVU-AXIS-Q6155-E-PTZ-CRUCERO LA LOMA-COL01-VVU-MINA-010,1,19.47221337,-104.0421835,COL01-VVU-MINA-010,10.21.70.34,MINATITLAN
10-TECO-T.TORRETECOC2-VVU-AXIS-Q6155-E-PTZ-BACHILLERATOS DE LA U.D.C-COL01-VVU-TECO-010,3,18.92507666,-103.8811437,COL01-VVU-TECO-010,10.21.151.8,TECOMAN
10-VILL-T.VDA-VVU-AXIS-Q3708-PVE-PTZ-PUERTA DE HIERRO-COL01-VVU-VILL-010,3,19.257941,-103.762066,COL01-VVU-VILL-010,10.21.130.29,VILLA
 COL-T.C5-SERVIDOR VVU-HPe-HYPERVISOR-VIRTUAL-ARCHIVER02 -COL01-CMM-COLI-001,3,18.93439205,-103.9667265,COL01-VVU-ARME-011,10.21.145.17,ARMERIA
11-COLI-T.COMPADMIN-VVU-AXIS-Q6155-E-PTZ-EL DIEZMO-COL01-VVU-COLI-011,3,19.254225,-103.69626,COL01-VVU-COLI-011,10.21.141.50,COLIMA
11-COQU-T.COQUIMATLAN-VVU-AXIS-Q6155-E-PTZ-LIBRAMIENTO A LOS LIMONES-COL01-VVU-COQU-011,3,19.233217,-103.778445,COL01-VVU-COQU-011,10.21.143.206,COQUIMATLAN
11-CUAU-T.PCCUAU-VVU-AXIS-Q6155-E-PTZ-PRESIDENCIA CUAUHTEMOC-COL01-VVU-CUAU-011,3,19.32813,-103.60187,COL01-VVU-CUAU-011,10.21.141.32,CUAUHTEMOC
11-MANZ-T.TORO-VVU-AXIS-Q6155-E-PTZ-ENTRONQUE CHANDIABLO-COL01-VVU-MANZ-011,3,19.138228,-104.341519,COL01-VVU-MANZ-011,10.21.117.41,MANZANILLO
11-TECO-T.TORRETECOC2-VVU-AXIS-Q6155-E-PTZ-CBTIS-COL01-VVU-TECO-011,3,18.93125097,-103.8796184,COL01-VVU-TECO-011,10.21.151.41,TECOMAN
11-VILL-T.VDA-VVU-AXIS-Q6155-E-PTZ-COMARCA-COL01-VVU-VILL-011,3,19.277756,-103.763497,COL01-VVU-VILL-011,10.21.143.32,VILLA
12-ARME-T.FIBRA-VVU-AXIS-Q6155-E-PTZ-JARDIN CUYUTLAN-COL01-VVU-ARME-012,2,18.919713,-104.0692568,COL01-VVU-ARME-012,10.21.132.2,ARMERIA
12-COLI-T.COMPADMIN-VVU-AXIS-Q6155-E-PTZ-HOSPITAL REGIONAL-COL01-VVU-COLI-012,3,19.258689,-103.689673,COL01-VVU-COLI-012,10.21.141.59,COLIMA
12-COMA-T.COMALA-VVU-AXIS-Q6155-E-PTZ-SALIDA A SUCHITLAN-COL01-VVU-COMA-012,3,19.33188,-103.751739,COL01-VVU-COMA-012,10.21.160.33,COMALA
12-COQU-T.COQUIMATLAN-VVU-AXIS-Q6155-E-PTZ-JARDIN LAS MORAS-COL01-VVU-COQU-012,3,19.194929,-103.809718,COL01-VVU-COQU-012,10.21.143.203,COQUIMATLAN
12-CUAU-T.PCCUAU-VVU-AXIS-Q6155-E-PTZ-ENTRADA A CUAUHTEMOC-COL01-VVU-CUAU-012,3,19.325448,-103.601882,COL01-VVU-CUAU-012,10.21.141.35,CUAUHTEMOC
12-MANZ-T.TORO-VVU-AXIS-Q6155-E-PTZ-VALLE PARAISO-COL01-VVU-MANZ-012,3,19.152518,-104.335912,COL01-VVU-MANZ-012,10.21.117.23,MANZANILLO
12-TECO-T.TORRETECOC2-VVU-AXIS-Q6155-E-PTZ-TACOS LA PULGUITA-COL01-VVU-TECO-012,3,18.92628876,-103.8752966,COL01-VVU-TECO-012,10.21.151.2,TECOMAN
12-VILL-T.VDA-VVU-AXIS-Q6155-E-PTZ-KIOSKO ALAMEDA-COL01-VVU-VILL-012,3,19.247268,-103.753317,COL01-VVU-VILL-012,10.21.130.35,VILLA
13-COLI-T.COMPADMIN-VVU-AXIS-Q6155-E-PTZ-PUENTE ISENCO-COL01-VVU-COLI-013,3,19.256066,-103.682139,COL01-VVU-COLI-013,10.21.141.47,COLIMA
13-CUAU-T.MONTITLAN-VVU-AXIS-Q6155-E-PTZ-CRUCERO ALCARACES-COL01-VVU-CUAU-013,3,19.359205,-103.577304,COL01-VVU-CUAU-013,10.21.141.38,CUAUHTEMOC
13-MANZ-T.TORO-VVU-AXIS-Q6155-E-PTZ-ENTRADA LOS PATOS-COL01-VVU-MANZ-013,3,19.256066,-104.34261,COL01-VVU-MANZ-013,10.21.117.8,MANZANILLO
13-TECO-T.TORRETECOC2-VVU-AXIS-Q6155-E-PTZ-CRUZ ROJA-COL01-VVU-TECO-013,3,18.91887829,-103.8730318,COL01-VVU-TECO-013,10.21.120.163,TECOMAN
13-VILL-T.VDA-VVU-AXIS-Q6155-E-PTZ-CENTENARIO TERCER ANILLO-COL01-VVU-VILL-013,3,19.26308669,-103.7568762,COL01-VVU-VILL-013,10.21.130.38,VILLA
14-COLI-T.COMPADMIN-VVU-AXIS-Q6155-E-PTZ-CARRETERA COLIMA GUADALAJARA COMPLEJO ADMVO-COL01-VVU-COLI-014,3,19.253128,-103.689456,COL01-VVU-COLI-014,10.21.141.71,COLIMA
14-CUAU-T.MONTITLAN-VVU-AXIS-Q6155-E-PTZ-FITOZOOSANITARIA-COL01-VVU-CUAU-014,3,19.35541,-103.565632,COL01-VVU-CUAU-014,10.21.141.41,CUAUHTEMOC
14-MANZ-T.TORO-VVU-AXIS-Q6155-E-PTZ-GTA LOS PATOS-COL01-VVU-MANZ-014,3,19.170119,-104.348254,COL01-VVU-MANZ-014,10.21.117.20,MANZANILLO
14-TECO-T.TORRESEMEFO-VVU-AXIS-Q6155-E-PTZ-SALIDA AL REAL CLUB DEPORTIVO TECOMENSE-COL01-VVU-TECO-014,3,18.890823,-103.891204,COL01-VVU-TECO-014,10.21.121.100,TECOMAN
14-VILL-T.VDA-VVU-AXIS-Q6155-E-PTZ-UNIDAD DEP GUSTAVO VAZQUEZ-COL01-VVU-VILL-014,3,19.291768,-103.730026,COL01-VVU-VILL-014,10.21.143.41,VILLA
15-COLI-T.COMPADMIN-VVU-AXIS-Q6155-E-PTZ-SANDOVAL BRAVO-COL01-VVU-COLI-015,3,19.240285,-103.69485,COL01-VVU-COLI-015,10.21.141.53,COLIMA
15-MANZ-T.TORREC4-VVU-AXIS-Q6155-E-PTZ-BODEGA BIMBO-COL01-VVU-MANZ-015,3,19.132284,-104.334052,COL01-VVU-MANZ-015,10.21.110.23,MANZANILLO
15-TECO-T.TORRETECOC2-VVU-AXIS-Q6155-E-PTZ-SAN CRISTOBAL-COL01-VVU-TECO-015,3,18.92444552,-103.8702851,COL01-VVU-TECO-015,10.21.151.5,TECOMAN
15-VILL-T.VDA-VVU-AXIS-Q6155-E-PTZ-LIBRAMIENTO A NOGUERAS-COL01-VVU-VILL-015,3,19.290344,-103.747966,COL01-VVU-VILL-015,10.21.143.44,VILLA
16-COLI-T.COMPADMIN-VVU-AXIS-Q6155-E-PTZ-CERESO-COL01-VVU-COLI-016,3,19.236678,-103.680527,COL01-VVU-COLI-016,10.21.141.56,COLIMA
16-MANZ-T.TORREC4-VVU-AXIS-Q6155-E-PTZ-VALLE ALTO-COL01-VVU-MANZ-016,3,19.13027,-104.338757,COL01-VVU-MANZ-016,10.21.110.14,MANZANILLO
16-TECO-T.TORRESEMEFO-VVU-AXIS-Q6155-E-PTZ-AVE MARIA-COL01-VVU-TECO-016,3,18.933872,-103.867692,COL01-VVU-TECO-016,10.21.121.44,TECOMAN
16-VILL-T.VDA-VVU-AXIS-Q6155-E-PTZ-LOMA DORADA-COL01-VVU-VILL-016,3,19.289759,-103.73878,COL01-VVU-VILL-016,10.21.143.47,VILLA
17-COLI-T.LACUMBRE-VVU-AXIS-Q6155-E-PTZ-JARDIN DE LA ESTANCIA-COL01-VVU-COLI-017,3,19.233366,-103.679563,COL01-VVU-COLI-017,10.21.142.26,COLIMA
17-MANZ-T.TORREC4-VVU-AXIS-Q6155-E-PTZ-GASOLINERA ARBOLEDAS-COL01-VVU-MANZ-017,3,19.121651,-104.3398,COL01-VVU-MANZ-017,10.21.110.5,MANZANILLO
17-TECO-T.TORRETECOC2-VVU-AXIS-Q6155-E-PTZ-SECUNDARIA 20-COL01-VVU-TECO-017,3,18.91635001,-103.860453,COL01-VVU-TECO-017,10.21.120.172,TECOMAN
17-VILL-T.VDA-VVU-AXIS-Q6155-E-PTZ-HUERTAS DEL CURA-COL01-VVU-VILL-017,3,19.255378,-103.735168,COL01-VVU-VILL-017,10.21.130.50,VILLA
18-COLI-T.COMPADMIN-VVU-AXIS-Q6155-E-PTZ-CRUCERO TEPAMES-COL01-VVU-COLI-018,3,19.17326,-103.661101,COL01-VVU-COLI-018,10.21.141.68,COLIMA
18-MANZ-T.TORREC4-VVU-AXIS-Q6155-E-PTZ-CRUCERO LAS HADAS-COL01-VVU-MANZ-018,3,19.113026,-104.341762,COL01-VVU-MANZ-018,10.21.110.71,MANZANILLO
18-TECO-T.TORRETECOC2-VVU-AXIS-Q6155-E-PTZ-LA CUARTA-COL01-VVU-TECO-018,2,18.91843778,-103.8541827,COL01-VVU-TECO-018,10.21.120.181,TECOMAN
18-VILL-T.VDA-VVU-AXIS-Q6155-E-PTZ-JARDIN RAMON SERRANO-COL01-VVU-VILL-018,2,19.252906,-103.749709,COL01-VVU-VILL-018,10.21.130.53,VILLA
19-COLI-T.COMPADMIN-VVU-AXIS-Q6155-E-PTZ-PLAZA ZENTRALIA-COL01-VVU-COLI-019,3,19.267357,-103.700619,COL01-VVU-COLI-019,10.21.141.74,COLIMA
19-MANZ-T.TORREC4-VVU-AXIS-Q6155-E-PTZ-GTA LA AUDIENCIA-COL01-VVU-MANZ-019,3,19.108077,-104.347563,COL01-VVU-MANZ-019,10.21.110.74,MANZANILLO
19-TECO-T.TORRETECOC2-VVU-AXIS-Q6155-E-PTZ-DSP TECOMAN-COL01-VVU-TECO-019,3,18.91562604,-103.864677,COL01-VVU-TECO-019,10.21.120.175,TECOMAN
19-VILL-T.VDA-VVU-AXIS-Q6155-E-PTZ-UNIDAD DEPORTIVA VDEA-COL01-VVU-VILL-019,3,19.268141,-103.742579,COL01-VVU-VILL-019,10.21.143.56,VILLA
20-COLI-T.COMPSEGU-VVU-AXIS-Q6155-E-PTZ-ENTRADA A MIRADORES-COL01-VVU-COLI-020,3,19.227398,-103.696991,COL01-VVU-COLI-020,10.21.142.41,COLIMA
20-MANZ-T.TORREC4-VVU-AXIS-Q6155-E-PTZ-SEMAFORO SALAHUA-COL01-VVU-MANZ-020,2,19.110371,-104.33773,COL01-VVU-MANZ-020,10.21.110.65,MANZANILLO
20-TECO-T.TORRETECOC2-VVU-AXIS-Q6155-E-PTZ-ZONA HABITACIONAL MILITAR-COL01-VVU-TECO-020,3,18.90994547,-103.8606085,COL01-VVU-TECO-020,10.21.151.14,TECOMAN
20-VILL-T.VDA-VVU-AXIS-Q6155-E-PTZ-KIOSKO TABACHINES-COL01-VVU-VILL-020,3,19.24282708,-103.7659819,COL01-VVU-VILL-020,10.21.130.59,VILLA
21-COLI-T.COMPSEGU-VVU-AXIS-Q6155-E-PTZ-REPUBLICA MEXICANA LA CUMBRE-COL01-VVU-COLI-021,3,19.223783,-103.696533,COL01-VVU-COLI-021,10.21.142.38,COLIMA
21-MANZ-T.TORREC4-VVU-AXIS-Q6155-E-PTZ-CECATY 34-COL01-VVU-MANZ-021,3,19.111973,-104.333459,COL01-VVU-MANZ-021,10.21.110.62,MANZANILLO
21-TECO-T.TORRETECOC2-VVU-AXIS-Q6155-E-PTZ-PERRITOS COLIMOTES-COL01-VVU-TECO-021,3,18.897432,-103.859236,COL01-VVU-TECO-021,10.21.151.17,TECOMAN
21-VILL-T.VDA-VVU-AXIS-Q6155-E-PTZ-FRACC PALO ALTO-COL01-VVU-VILL-021,3,19.27222846,-103.7826477,COL01-VVU-VILL-021,10.21.143.62,VILLA
22-COLI-T.COMPSEGU-VVU-AXIS-Q6155-E-PTZ-LA CUMBRE ACAPULCO JARDIN-COL01-VVU-COLI-022,3,19.224948,-103.705759,COL01-VVU-COLI-022,10.21.142.35,COLIMA
22-MANZ-T.TORREC4-VVU-AXIS-Q6155-E-PTZ-PABLO LATAPI-COL01-VVU-MANZ-022,3,19.117686,-104.331405,COL01-VVU-MANZ-022,10.21.110.17,MANZANILLO
22-TECO-T.TORRETECOC2-VVU-AXIS-Q6155-E-PTZ-SURTIDORA FERRETERA-COL01-VVU-TECO-022,3,18.908166,-103.866275,COL01-VVU-TECO-022,10.21.151.20,TECOMAN
22-VILL-T.VDA-VVU-AXIS-Q6155-E-PTZ-PUENTE 5 DE MAYO-COL01-VVU-VILL-022,2,19.25301,-103.739149,COL01-VVU-VILL-022,10.21.130.65,VILLA
23-COLI-T.COMPSEGU-VVU-AXIS-Q6155-E-PTZ-GTA MILENIO-COL01-VVU-COLI-023,3,19.23037,-103.70376,COL01-VVU-COLI-023,10.21.142.23,COLIMA
23-MANZ-T.TORREC4-VVU-AXIS-Q6155-E-PTZ-OXXO MARIMAR-COL01-VVU-MANZ-023,3,19.123585,-104.324865,COL01-VVU-MANZ-023,10.21.110.2,MANZANILLO
23-TECO-T.TORRESEMEFO-VVU-AXIS-Q6155-E-PTZ-PARQUE SAN JOSE-COL01-VVU-TECO-023,3,18.891959,-103.878235,COL01-VVU-TECO-023,10.21.120.90,TECOMAN
23-VILL-T.VDA-VVU-AXIS-Q6155-E-PTZ-JOSE DE RUIZ COLON-COL01-VVU-VILL-023,3,19.250453,-103.743387,COL01-VVU-VILL-023,10.21.130.68,VILLA
24-COLI-T.COMPSEGU-VVU-AXIS-Q6155-E-PTZ-HEROES BRAVO-COL01-VVU-COLI-024,3,19.236131,-103.698164,COL01-VVU-COLI-024,10.21.142.50,COLIMA
24-MANZ-T.TORO-VVU-AXIS-Q6155-E-PTZ-CENTRAL-COL01-VVU-MANZ-024,3,19.145547,-104.44292,COL01-VVU-MANZ-024,10.21.117.38,MANZANILLO
24-TECO-T.TORRESEMEFO-VVU-AXIS-Q6155-E-PTZ-DIAZ ORDAZ-COL01-VVU-TECO-024,3,18.896294,-103.87952,COL01-VVU-TECO-024,10.21.120.87,TECOMAN
24-VILL-T.VDA-VVU-AXIS-Q6155-E-PTZ-KIOSKO NINOS HEROES-COL01-VVU-VILL-024,2,19.25679739,-103.7535525,COL01-VVU-VILL-024,10.21.130.71,VILLA
25-COLI-T.COMPSEGU-VVU-AXIS-Q6155-E-PTZ-TECOMAN REVOLUCION FCO VILLA-COL01-VVU-COLI-025,3,19.225762,-103.717294,COL01-VVU-COLI-025,10.21.142.29,COLIMA
25-MANZ-T.TORREC4-VVU-AXIS-Q6155-E-PTZ-PLAZA MANZANILLO-COL01-VVU-MANZ-025,3,19.106247,-104.335494,COL01-VVU-MANZ-025,10.21.110.68,MANZANILLO
25-TECO-T.TORRESEMEFO-VVU-AXIS-Q6155-E-PTZ-PANTEON NUEVO-COL01-VVU-TECO-025,3,18.91373824,-103.8857994,COL01-VVU-TECO-025,10.21.120.66,TECOMAN
25-VILL-T.VDA-VVU-AXIS-Q6155-E-PTZ-NINOS HEROES GRISELDA ALVAREZ-COL01-VVU-VILL-025,3,19.259465,-103.758578,COL01-VVU-VILL-025,10.21.130.74,VILLA
26-COLI-T.LAMARINA-VVU-AXIS-Q6155-E-PTZ-SALIDA A JIQUILPAN-COL01-VVU-COLI-026,3,19.212672,-103.721524,COL01-VVU-COLI-026,10.21.142.131,COLIMA
26-MANZ-T.TORREC4-VVU-AXIS-Q6155-E-PTZ-WALTMART-COL01-VVU-MANZ-026,3,19.104054,-104.332153,COL01-VVU-MANZ-026,10.21.110.77,MANZANILLO
26-TECO-T.TORRESEMEFO-VVU-AXIS-Q6155-E-PTZ-DETECSA-COL01-VVU-TECO-026,3,18.90033537,-103.8831606,COL01-VVU-TECO-026,10.21.120.93,TECOMAN
26-VILL-T.VDA-VVU-AXIS-Q6155-E-PTZ-SOLIDARIDAD-COL01-VVU-VILL-025,3,19.294729,-103.734031,COL01-VVU-VILL-025,10.21.143.77,VILLA
27-COLI-T.SSP-VVU-AXIS-Q6155-E-PTZ-GTA. REY COLIMAN-COL01-VVU-COLI-027,3,19.230297,-103.72319,COL01-VVU-COLI-027,10.21.142.140,COLIMA
27-MANZ-T.TORREC4-VVU-AXIS-Q6155-E-PTZ-SORIANA-COL01-VVU-MANZ-027,3,19.101877,-104.326707,COL01-VVU-MANZ-027,10.21.110.38,MANZANILLO
27-TECO-T.TORRESEMEFO-VVU-AXIS-Q6155-E-PTZ-CITROJUGO-COL01-VVU-TECO-027,3,18.90627477,-103.8779512,COL01-VVU-TECO-027,10.21.120.84,TECOMAN
27-VILL-T.VDA-VVU-AXIS-Q6155-E-PTZ-SALIDA A MINATITLAN-COL01-VVU-VILL-027,3,19.2735,-103.752147,COL01-VVU-VILL-027,10.21.143.80,VILLA
28-COLI-T.COMPSEGU-VVU-AXIS-Q6155-E-PTZ-MADERO DEL CAMPESINO MARISCOS VERACRUZ-COL01-VVU-COLI-028,3,19.234391,-103.714543,COL01-VVU-COLI-028,10.21.142.47,COLIMA
28-MANZ-T.TORREC4-VVU-AXIS-Q6155-E-PTZ-CASINO DE LA FERIA-COL01-VVU-MANZ-028,3,19.113866,-104.32357,COL01-VVU-MANZ-028,10.21.110.35,MANZANILLO
28-TECO-T.TORRESEMEFO-VVU-AXIS-Q6155-E-PTZ-INDECO-COL01-VVU-TECO-028,3,18.90453919,-103.8893868,COL01-VVU-TECO-028,10.21.120.96,TECOMAN
28-VILL-T.VDA-VVU-AXIS-Q6155-E-PTZ-TERCER ANILLO AKOLLIMAN-COL01-VVU-VILL-028,3,19.284134,-103.736271,COL01-VVU-VILL-028,10.21.143.83,VILLA
29-COLI-T.COMPSEGU-VVU-AXIS-Q6155-E-PTZ-MERCADO MORALETE-COL01-VVU-COLI-029,3,19.237042,-103.712718,COL01-VVU-COLI-029,10.21.142.44,COLIMA
29-MANZ-T.PROTCIVIL-VVU-AXIS-Q6155-E-PTZ-SAMS CLUB MANZ-COL01-VVU-MANZ-029,3,19.09512,-104.31945,COL01-VVU-MANZ-029,10.21.110.169,MANZANILLO
29-TECO-T.TORRESEMEFO-VVU-AXIS-Q6155-E-PTZ-COLONIA LIBERTAD-COL01-VVU-TECO-029,3,18.901676,-103.890987,COL01-VVU-TECO-029,10.21.151.86,TECOMAN
29-VILL-T.VDA-VVU-AXIS-Q6155-E-PTZ-PABLO SILVA DIEGO GARCIA CONDE-COL01-VVU-VILL-029,3,19.247663,-103.757225,COL01-VVU-VILL-029,10.21.130.86,VILLA
30-COLI-T.COMPSEGU-VVU-AXIS-Q6155-E-PTZ-CONALEP-COL01-VVU-COLI-030,3,19.236631,-103.706953,COL01-VVU-COLI-030,10.21.142.32,COLIMA
30-MANZ-T.PROTCIVIL-VVU-AXIS-Q6155-E-PTZ-SECUNDARIA 1-COL01-VVU-MANZ-030,3,19.090785,-104.314506,COL01-VVU-MANZ-030,10.21.110.178,MANZANILLO
30-TECO-T.TORRESEMEFO-VVU-AXIS-Q6155-E-PTZ-SALIDA A PASCUALES-COL01-VVU-TECO-030,3,18.90321996,-103.9060459,COL01-VVU-TECO-030,10.21.120.81,TECOMAN
30-VILL-T.VDA-VVU-AXIS-Q6155-E-PTZ-KIOSKO VILLA FLORES-COL01-VVU-VILL-030,3,19.261852,-103.763517,COL01-VVU-VILL-030,10.21.130.89,VILLA
31-COLI-T.C5-VVU-AXIS-Q6155-E-PTZ-GTA DIF-COL01-VVU-COLI-031,3,19.24455696,-103.7120606,COL01-VVU-COLI-031,10.21.142.17,COLIMA
31-MANZ-T.PROTCIVIL-VVU-AXIS-Q6155-E-PTZ-CRUCERO LAS BRISAS-COL01-VVU-MANZ-031,3,19.084683,-104.308907,COL01-VVU-MANZ-031,10.21.110.154,MANZANILLO
31-TECO-T.TORRESEMEFO-VVU-AXIS-Q6155-E-PTZ-YAZAKI-COL01-VVU-TECO-031,3,18.907888,-103.889785,COL01-VVU-TECO-031,10.21.120.78,TECOMAN
31-VILL-T.VDA-VVU-AXIS-Q6155-E-PTZ-TEC DE COLIMA-COL01-VVU-VILL-031,3,19.262358,-103.725013,COL01-VVU-VILL-031,10.21.130.92,VILLA
32-COLI-T.LAMARINA-VVU-AXIS-Q6155-E-PTZ-TV AZTECA-COL01-VVU-COLI-032,3,19.23742654,-103.7180825,COL01-VVU-COLI-032,10.21.142.110,COLIMA
32-MANZ-T.POZONEPAL-VVU-AXIS-Q6155-E-PTZ-RESTAURANTE COALATA-COL01-VVU-MANZ-032,3,19.067067,-104.302138,COL01-VVU-MANZ-032,10.21.111.11,MANZANILLO
32-TECO-T.TORRESEMEFO-VVU-AXIS-Q6155-E-PTZ-TORITO PILLIN-COL01-VVU-TECO-032,3,18.91020523,-103.8824184,COL01-VVU-TECO-032,10.21.120.75,TECOMAN
32-VILL-T.VDA-VVU-AXIS-Q6155-E-PTZ-EX HACIENDA DEL CARMEN-COL01-VVU-VILL-032,3,19.281073,-103.72882,COL01-VVU-VILL-032,10.21.130.95,VILLA
33-COLI-T.COMPSEGU-VVU-AXIS-Q6155-E-PTZ-GTA CHAC-COL01-VVU-COLI-033,3,19.2331,-103.721312,COL01-VVU-COLI-033,10.21.142.57,COLIMA
33-MANZ-T.TORREC4-VVU-AXIS-Q6155-E-PTZ-GARZA FLAMINGOS-COL01-VVU-MANZ-033,3,19.107446,-104.325316,COL01-VVU-MANZ-033,10.21.110.50,MANZANILLO
33-TECO-T.TORRESEMEFO-VVU-AXIS-Q6155-E-PTZ-INDEPENDENCIA ANDADOR 18-COL01-VVU-TECO-033,3,18.92070017,-103.8718219,COL01-VVU-TECO-033,10.21.121.53,TECOMAN
33-VILL-T.VDA-VVU-AXIS-Q6155-E-PTZ-ROSARIO IBARRA-COL01-VVU-VILL-033,3,19.25945,-103.72641,COL01-VVU-VILL-033,10.21.130.98,VILLA
34-COLI-T.SSP-VVU-AXIS-Q6155-E-PTZ-GTA. SANTANDER-COL01-VVU-COLI-034,3,19.234889,-103.723924,COL01-VVU-COLI-034,10.21.142.143,COLIMA
34-MANZ-T.TORREC4-VVU-AXIS-Q6155-E-PTZ-VILLAS DEL MAR-COL01-VVU-MANZ-034,3,19.110546,-104.316955,COL01-VVU-MANZ-034,10.21.110.26,MANZANILLO
34-TECO-T.TORRESEMEFO-VVU-AXIS-Q6155-E-PTZ-MERCADO LAZARO CRDENAS-COL01-VVU-TECO-034,3,18.91478389,-103.878958,COL01-VVU-TECO-034,10.21.120.105,TECOMAN
34-VILL-T.VDA-VVU-AXIS-Q6155-E-PTZ-DIVISION COLIMA  VDEA-COL01-VVU-VILL-034,3,19.256823,-103.731348,COL01-VVU-VILL-034,10.21.130.101,VILLA
35-COLI-T.C5-VVU-AXIS-Q6155-E-PTZ-IGNACIO SANDOVAL SAN FERNANDO CANCEROLOGIA-COL01-VVU-COLI-035,3,19.24798599,-103.7167487,COL01-VVU-COLI-035,10.21.142.5,COLIMA
35-MANZ-T.TORREC4-VVU-AXIS-Q6155-E-PTZ-AV PELICANOS-COL01-VVU-MANZ-035,3,19.107512,-104.317216,COL01-VVU-MANZ-035,10.21.110.53,MANZANILLO
35-TECO-T.TORRESEMEFO-VVU-AXIS-Q6155-E-PTZ-PARQUE CUAUHTEMOC-COL01-VVU-TECO-035,3,18.91546795,-103.8824292,COL01-VVU-TECO-035,10.21.120.69,TECOMAN
35-VILL-T.VDA-VVU-AXIS-Q6155-E-PTZ-ENTRADA SORIANA-COL01-VVU-VILL-035,3,19.273676,-103.736704,COL01-VVU-VILL-035,10.21.130.104,VILLA
36-COLI-T.LAMARINA-VVU-AXIS-Q6155-E-PTZ-EL TREBOL-COL01-VVU-COLI-036,3,19.243288,-103.729078,COL01-VVU-COLI-036,10.21.142.89,COLIMA
36-MANZ-T.TORREC4-VVU-AXIS-Q6155-E-PTZ-ST JOHNS-COL01-VVU-MANZ-036,3,19.105039,-104.318734,COL01-VVU-MANZ-036,10.21.110.47,MANZANILLO
36-TECO-T.TORRESEMEFO-VVU-AXIS-Q6155-E-PTZ-KIOSKO PALMA REAL-COL01-VVU-TECO-036,3,18.9230324,-103.8894174,COL01-VVU-TECO-036,10.21.120.72,TECOMAN
36-VILL-T.VDA-VVU-AXIS-Q6155-E-PTZ-WALMART VDEA-COL01-VVU-VILL-036,3,19.282231,-103.732307,COL01-VVU-VILL-036,10.21.130.107,VILLA
37-COLI-T.LAMARINA-VVU-AXIS-Q6155-E-PTZ-JARDIN NUNEZ-COL01-VVU-COLI-037,3,19.239032,-103.724603,COL01-VVU-COLI-037,10.21.142.116,COLIMA
37-MANZ-T.TORREC4-VVU-AXIS-Q6155-E-PTZ-ELIAS ZAMORA GAVIOTAS-COL01-VVU-MANZ-037,3,19.107128,-104.312951,COL01-VVU-MANZ-037,10.21.110.56,MANZANILLO
37-TECO-T.TORRESEMEFO-VVU-AXIS-Q6155-E-PTZ-PARQUE PALMA REAL 2-COL01-VVU-TECO-037,3,18.9250662,-103.8971762,COL01-VVU-TECO-037,10.21.120.102,TECOMAN
37-VILL-T.VDA-VVU-AXIS-Q6155-E-PTZ-GTA. PERRITOS-COL01-VVU-VILL-037,3,19.283737,-103.744195,COL01-VVU-VILL-037,10.21.143.110,VILLA
38-COLI-T.LAMARINA-VVU-AXIS-Q6155-E-PTZ-DIABLITO-COL01-VVU-COLI-038,3,19.24224,-103.726288,COL01-VVU-COLI-038,10.21.142.95,COLIMA
38-MANZ-T.TORREC4-VVU-AXIS-Q6155-E-PTZ-ENTRONQUE BARRIO 5-COL01-VVU-MANZ-038,3,19.111019,-104.307619,COL01-VVU-MANZ-038,10.21.110.29,MANZANILLO
38-TECO-T.TORREALCOMUN-VVU-AXIS-Q6155-E-PTZ-URBANO-COL01-VVU-TECO-038,3,19.08412205,-103.8735941,COL01-VVU-TECO-038,10.21.166.8,TECOMAN
38-VILL-T.VDA-VVU-AXIS-Q6155-E-PTZ-CLINICA 1 IMSS-COL01-VVU-VILL-038,3,19.270064,-103.75908,COL01-VVU-VILL-038,10.21.143.113,VILLA
39-COLI-T.LAMARINA-VVU-AXIS-Q6155-E-PTZ-PAPELERIA MANZANILLO-COL01-VVU-COLI-039,3,19.24068293,-103.724165,COL01-VVU-COLI-039,10.21.142.101,COLIMA
39-MANZ-T.TORREC4-VVU-AXIS-Q6155-E-PTZ-CARCAMO BARRIO 3-COL01-VVU-MANZ-039,3,19.10227027,-104.3072066,COL01-VVU-MANZ-039,10.21.110.80,MANZANILLO
39-TECO-T.TORREALCOMUN-VVU-AXIS-Q6155-E-PTZ-URBANO-COL01-VVU-TECO-039,3,18.9446275,-103.9219833,COL01-VVU-TECO-039,10.21.166.5,TECOMAN
39-VILL-T.VDA-VVU-AXIS-Q6155-E-PTZ-PARQUE INDUSTRIAL-COL01-VVU-VILL-039,3,19.238426,-103.76186,COL01-VVU-VILL-039,10.21.130.116,VILLA
40-COLI-T.LAMARINA-VVU-AXIS-Q6155-E-PTZ-HOTEL CEBALLOS-COL01-VVU-COLI-040,3,19.2434477,-103.7279971,COL01-VVU-COLI-040,10.21.142.74,COLIMA
40-MANZ-T.PROTCIVIL-VVU-AXIS-Q6155-E-PTZ-LOMAS DEL VALLE1-COL01-VVU-MANZ-040,3,19.104723,-104.304269,COL01-VVU-MANZ-040,10.21.110.175,MANZANILLO
40-TECO-T.TORREPRIMAVERA-VVU-AXIS-Q6155-E-PTZ-LA ESTACION-COL01-VVU-TECO-040,2,18.947291,-103.89723,COL01-VVU-TECO-040,10.21.120.20,TECOMAN
40-VILL-T.VDA-VVU-AXIS-Q6155-E-PTZ-JUZGADOS DE LA VILLA-COL01-VVU-VILL-040,3,19.263695,-103.734537,COL01-VVU-VILL-040,10.21.130.119,VILLA
41-COLI-T.LAMARINA-VVU-AXIS-Q6155-E-PTZ-FRAY PEDRO-COL01-VVU-COLI-041,3,19.23526,-103.731404,COL01-VVU-COLI-041,10.21.142.83,COLIMA
41-MANZ-T.PROTCIVIL-VVU-AXIS-Q6155-E-PTZ-IGLESIA BARRIO 3-COL01-VVU-MANZ-041,3,19.101191,-104.304578,COL01-VVU-MANZ-041,10.21.110.163,MANZANILLO
41-TECO-T.TORRETECOC2-VVU-AXIS-Q6155-E-PTZ-PUERTA DE CALERAS-COL01-VVU-TECO-041,2,18.97763791,-103.8582821,COL01-VVU-TECO-041,10.21.122.2,TECOMAN
41-VILL-T.VDA-VVU-AXIS-Q6155-E-PTZ-DIANA CAZADORA-COL01-VVU-VILL-041,2,19.254089,-103.744653,COL01-VVU-VILL-041,10.21.143.122,VILLA
42-COLI-T.LAMARINA-VVU-AXIS-Q6155-E-PTZ-QUINTA EL TIVOLI-COL01-VVU-COLI-042,3,19.226066,-103.734126,COL01-VVU-COLI-042,10.21.142.92,COLIMA
42-MANZ-T.PROTCIVIL-VVU-AXIS-Q6155-E-PTZ-ESCUELA DE COMERCIO B3-COL01-VVU-MANZ-042,3,19.099892,-104.305302,COL01-VVU-MANZ-042,10.21.110.172,MANZANILLO
42-TECO-T.TORREPRIMAVERA-VVU-AXIS-Q6155-E-PTZ-CERRO DE ORTEGA SALIDA-COL01-VVU-TECO-042,2,18.747945,-103.714135,COL01-VVU-TECO-042,10.21.120.8,TECOMAN
42-VILL-T.VDA-VVU-AXIS-Q6155-E-PTZ-LA LECHERA-COL01-VVU-VILL-042,3,19.244094,-103.74839,COL01-VVU-VILL-042,10.21.130.125,VILLA
43-COLI-T.LAMARINA-VVU-AXIS-Q6155-E-PTZ-ENTRADA CANCEROLOGIA TIVOLI-COL01-VVU-COLI-043,3,19.222288,-103.733251,COL01-VVU-COLI-043,10.21.142.68,COLIMA
43-MANZ-T.PROTCIVIL-VVU-AXIS-Q6155-E-PTZ-MERCADO DEL VALLE-COL01-VVU-MANZ-043,3,19.09492,-104.302675,COL01-VVU-MANZ-043,10.21.110.166,MANZANILLO
43-VILL-T.VDA-VVU-AXIS-Q6155-E-PTZ-TORITO-COL01-VVU-VILL-043,3,19.266247,-103.738999,COL01-VVU-VILL-043,10.21.130.128,VILLA
44-COLI-T.LAMARINA-VVU-AXIS-Q6155-E-PTZ-COL TORRES QUINTERO-COL01-VVU-COLI-044,3,19.226695,-103.7409,COL01-VVU-COLI-044,10.21.142.65,COLIMA
44-MANZ-T.PROTCIVIL-VVU-AXIS-Q6155-E-PTZ-SEMAFORO BARRIO 2-COL01-VVU-MANZ-044,3,19.092598,-104.301183,COL01-VVU-MANZ-044,10.21.110.157,MANZANILLO
44-VILL-T.VDA-VVU-AXIS-Q6155-E-PTZ-JARDIN VILLA IZCALLI-COL01-VVU-VILL-044,3,19.287638,-103.734533,COL01-VVU-VILL-044,10.21.130.131,VILLA
45-COLI-T.COMPSEGU-VVU-AXIS-Q6155-E-PTZ-BRECHA TORRES QUINTERO LIBRAMIENTO SUR-COL01-VVU-COLI-045,3,19.219412,-103.749129,COL01-VVU-COLI-045,10.21.142.53,COLIMA
45-MANZ-T.PROTCIVIL-VVU-AXIS-Q6155-E-PTZ-PRIMAVERA PESQUERA-COL01-VVU-MANZ-045,3,19.093651,-104.299171,COL01-VVU-MANZ-045,10.21.110.160,MANZANILLO
45-VILL-T.VDA-VVU-AXIS-Q6155-E-PTZ-DIOSA DEL AGUA-COL01-VVU-VILL-045,3,19.273581,-103.739534,COL01-VVU-VILL-045,10.21.143.134,VILLA
46-COLI-T.LACUMBRE-VVU-AXIS-Q6155-E-PTZ-PEMEX-COL01-VVU-COLI-046,3,19.2349829,-103.7671519,COL01-VVU-COLI-046,10.21.142.128,COLIMA
46-MANZ-T.PROTCIVIL-VVU-AXIS-Q6155-E-PTZ-CASA HOGAR LIBORIO ESPINOZA-COL01-VVU-MANZ-046,3,19.09238911,-104.2912373,COL01-VVU-MANZ-046,10.21.110.130,MANZANILLO
46-VILL-T.VDA-VVU-AXIS-Q6155-E-PTZ-EL ANGEL-COL01-VVU-VILL-046,3,19.270758,-103.747466,COL01-VVU-VILL-046,10.21.143.137,VILLA
47-COLI-T.LAMARINA-VVU-AXIS-Q6155-E-PTZ-RECOLAVI PRADOS DEL SUR-COL01-VVU-COLI-047,3,19.23416,-103.752109,COL01-VVU-COLI-047,10.21.142.62,COLIMA
47-MANZ-T.PROTCIVIL-VVU-AXIS-Q6155-E-PTZ-CALLE BALLENA-COL01-VVU-MANZ-047,3,19.082238,-104.287503,COL01-VVU-MANZ-047,10.21.110.139,MANZANILLO
47-VILL-T.VDA-VVU-AXIS-Q6155-E-PTZ-LOS VOLCANES-COL01-VVU-VILL-047,3,19.28367766,-103.7798852,COL01-VVU-VILL-047,10.21.130.146,VILLA
48-COLI-T.LAMARINA-VVU-AXIS-Q6155-E-PTZ-ALBARRADA ENTRADA DIF-COL01-VVU-COLI-048,3,19.23666223,-103.7429737,COL01-VVU-COLI-048,10.21.142.98,COLIMA
48-MANZ-T.PROTCIVIL-VVU-AXIS-Q6155-E-PTZ-PEZ VELA-COL01-VVU-MANZ-048,3,19.078018,-104.287258,COL01-VVU-MANZ-048,10.21.110.142,MANZANILLO
49-COLI-T.LAMARINA-VVU-AXIS-Q6155-E-PTZ-ANASTACIO BRIZUELA SOSTENES ROCHA-COL01-VVU-COLI-049,3,19.239827,-103.7386676,COL01-VVU-COLI-049,10.21.142.104,COLIMA
49-MANZ-T.PROTCIVIL-VVU-AXIS-Q6155-E-PTZ-CARRETERA JALIPA ALGODONES-COL01-VVU-MANZ-049,3,19.090574,-104.278315,COL01-VVU-MANZ-049,10.21.110.133,MANZANILLO
50-COLI-T.LAMARINA-VVU-AXIS-Q6155-E-PTZ-GTA DEL CHARRO-COL01-VVU-COLI-050,3,19.243921,-103.736111,COL01-VVU-COLI-050,10.21.142.107,COLIMA
50-MANZ-T.PROTCIVIL-VVU-AXIS-Q6155-E-PTZ-EJIDO FRANCISCO VILLA-COL01-VVU-MANZ-050,3,19.109963,-104.262057,COL01-VVU-MANZ-050,10.21.110.136,MANZANILLO
51-COLI-T.LAMARINA-VVU-AXIS-Q6155-E-PTZ-OXXO 5 DE MAYO-COL01-VVU-COLI-051,3,19.24869409,-103.7332102,COL01-VVU-COLI-051,10.21.142.77,COLIMA
51-MANZ-T.PROTCIVIL-VVU-AXIS-Q6155-E-PTZ-FLETES WOODWARD-COL01-VVU-MANZ-051,3,19.07259444,-104.2802556,COL01-VVU-MANZ-051,10.21.110.151,MANZANILLO
52-COLI-T.LAMARINA-VVU-AXIS-Q6155-E-PTZ-JARDIN SAN FCO.-COL01-VVU-COLI-052,3,19.253718,-103.730195,COL01-VVU-COLI-052,10.21.142.71,COLIMA
52-MANZ-T.PROTCIVIL-VVU-AXIS-Q6155-E-PTZ-SEMAFORO TAPEIXTLES-COL01-VVU-MANZ-052,3,19.068941,-104.28608,COL01-VVU-MANZ-052,10.21.110.148,MANZANILLO
53-COLI-T.LAMARINA-VVU-AXIS-Q6155-E-PTZ-ISENCO-COL01-VVU-COLI-053,3,19.25414948,-103.725105,COL01-VVU-COLI-053,10.21.142.80,COLIMA
53-MANZ-T.PROTCIVIL-VVU-AXIS-Q6155-E-PTZ-LIBRAMIENTO TAPEIXTLES-COL01-VVU-MANZ-053,3,19.065809,-104.280743,COL01-VVU-MANZ-053,10.21.110.145,MANZANILLO
54-COLI-T.LAMARINA-VVU-AXIS-Q6155-E-PTZ-PLAZA SAN FERNANDO-COL01-VVU-COLI-054,3,19.2511818,-103.7211794,COL01-VVU-COLI-054,10.21.142.113,COLIMA
54-MANZ-T.POZONEPAL-VVU-AXIS-Q6155-E-PTZ-LA FLECHITA-COL01-VVU-MANZ-054,3,19.062792,-104.289897,COL01-VVU-MANZ-054,10.21.111.14,MANZANILLO
55-COLI-T.COMPSEGU-VVU-AXIS-Q6155-E-PTZ-LIBRAMENTO CENTRAL-COL01-VVU-COLI-055,3,19.23560862,-103.703297,COL01-VVU-COLI-055,10.21.142.59,COLIMA
55-MANZ-T.POZONEPAL-VVU-AXIS-Q6155-E-PTZ-LAS JOYAS-COL01-VVU-MANZ-055,3,19.05644,-104.293519,COL01-VVU-MANZ-055,10.21.111.8,MANZANILLO
56-MANZ-T.POCITOS-VVU-AXIS-Q6155-E-PTZ-EL TAJO-COL01-VVU-MANZ-056,3,19.053142,-104.310354,COL01-VVU-MANZ-056,10.21.111.37,MANZANILLO
57-MANZ-T.POCITOS-VVU-AXIS-Q6155-E-PTZ-TRIANGULITO MANZ-COL01-VVU-MANZ-057,3,19.050934,-104.310375,COL01-VVU-MANZ-057,10.21.111.40,MANZANILLO
58-MANZ-T.POCITOS-VVU-AXIS-Q6155-E-PTZ-BIBLIOTECA-COL01-VVU-MANZ-058,3,19.053286,-104.31388,COL01-VVU-MANZ-058,10.21.111.34,MANZANILLO
59-MANZ-T.POCITOS-VVU-AXIS-Q6155-E-PTZ-PRESIDENCIA MANZANILLO-COL01-VVU-MANZ-059,3,19.053924,-104.316158,COL01-VVU-MANZ-059,10.21.111.49,MANZANILLO
60-MANZ-T.POCITOS-VVU-AXIS-Q6155-E-PTZ-LAS PALMITAS-COL01-VVU-MANZ-060,3,19.048924,-104.318866,COL01-VVU-MANZ-060,10.21.111.43,MANZANILLO
62-MANZ-T.CENTROSALUD-VVU-AXIS-Q6155-E-PTZ-CENTRO DE SALUD EL COLOMO-COL01-VVU-MANZ-062,3,19.055749,-104.241874,COL01-VVU-MANZ-062,10.21.111.103,MANZANILLO
63-MANZ-T.CENTROSALUD-VVU-AXIS-Q6155-E-PTZ-LIBRAMIENTO EL COLOMO-COL01-VVU-MANZ-063,3,19.049337,-104.223426,COL01-VVU-MANZ-063,10.21.111.106,MANZANILLO
64-MANZ-T.CENTROSALUD-VVU-AXIS-Q6155-E-PTZ-EL COLOMO-COL01-VVU-MANZ-064,3,19.060591,-104.259918,COL01-VVU-MANZ-064,10.21.111.100,MANZANILLO
65-MANZ-T.CENTROSALUD-VVU-AXIS-Q6155-E-PTZ-PUENTE EL COLOMO-COL01-VVU-MANZ-065,3,19.051328,-104.268144,COL01-VVU-MANZ-065,10.21.111.112,MANZANILLO
66-MANZ-T.TORO-VVU-AXIS-Q6155-E-PTZ-MARABASCO-COL01-VVU-MANZ-066,3,19.232642,-104.548235,COL01-VVU-MANZ-066,10.21.117.35,MANZANILLO
